"","country","iso3c","year","instrument_name","instrument_type","status","source","census_round"
"1","Angola","AGO",2021,"Agriculture Census","Agricultural Survey/Census","completed","http://www.fao.org/world-census-agriculture/wcarounds/en/","2020"
"2","Benin","BEN",2020,"Agriculture Census","Agricultural Survey/Census","completed","http://www.fao.org/world-census-agriculture/wcarounds/en/","2020"
"3","Botswana","BWA",2025,"Agriculture Census","Agricultural Survey/Census","completed","http://www.fao.org/world-census-agriculture/wcarounds/en/","2020"
"4","Burkina Faso","BFA",2020,"Agriculture Census","Agricultural Survey/Census","completed","http://www.fao.org/world-census-agriculture/wcarounds/en/","2020"
"5","Burundi","BDI",2022,"Agriculture Census","Agricultural Survey/Census","completed","http://www.fao.org/world-census-agriculture/wcarounds/en/","2020"
"6","Cabo Verde","CPV",2025,"Agriculture Census","Agricultural Survey/Census","completed","http://www.fao.org/world-census-agriculture/wcarounds/en/","2020"
"7","Chad","TCD",2022,"Agriculture Census","Agricultural Survey/Census","completed","http://www.fao.org/world-census-agriculture/wcarounds/en/","2020"
"8","Comoros","COM",2021,"Agriculture Census","Agricultural Survey/Census","completed","http://www.fao.org/world-census-agriculture/wcarounds/en/","2020"
"9","Congo, Rep.","COG",2015,"Agriculture Census","Agricultural Survey/Census","completed","http://www.fao.org/world-census-agriculture/wcarounds/en/","2020"
"10","Congo, Rep.","COG",2021,"Agriculture Census","Agricultural Survey/Census","completed","http://www.fao.org/world-census-agriculture/wcarounds/en/","2020"
"11","Cote d'Ivoire","CIV",2016,"Agriculture Census","Agricultural Survey/Census","completed","http://www.fao.org/world-census-agriculture/wcarounds/en/","2020"
"12","Cote d'Ivoire","CIV",2020,"Agriculture Census","Agricultural Survey/Census","completed","http://www.fao.org/world-census-agriculture/wcarounds/en/","2020"
"13","DR Congo","COD",2022,"Agriculture Census","Agricultural Survey/Census","completed","http://www.fao.org/world-census-agriculture/wcarounds/en/","2020"
"14","Egypt","EGY",2021,"Agriculture Census","Agricultural Survey/Census","completed","http://www.fao.org/world-census-agriculture/wcarounds/en/","2020"
"15","Equatorial Guinea","GNQ",2025,"Agriculture Census","Agricultural Survey/Census","completed","http://www.fao.org/world-census-agriculture/wcarounds/en/","2020"
"16","Eritrea","ERI",2022,"Agriculture Census","Agricultural Survey/Census","completed","http://www.fao.org/world-census-agriculture/wcarounds/en/","2020"
"17","Gabon","GAB",2020,"Agriculture Census","Agricultural Survey/Census","completed","http://www.fao.org/world-census-agriculture/wcarounds/en/","2020"
"18","Ghana","GHA",2019,"Agriculture Census","Agricultural Survey/Census","completed","http://www.fao.org/world-census-agriculture/wcarounds/en/","2020"
"19","Guinea (Conakry)","GIN",2020,"Agriculture Census","Agricultural Survey/Census","completed","http://www.fao.org/world-census-agriculture/wcarounds/en/","2020"
"20","Guinea Bissau","GNB",2020,"Agriculture Census","Agricultural Survey/Census","completed","http://www.fao.org/world-census-agriculture/wcarounds/en/","2020"
"21","Lesotho","LSO",2021,"Agriculture Census","Agricultural Survey/Census","completed","http://www.fao.org/world-census-agriculture/wcarounds/en/","2020"
"22","Madagascar","MDG",2020,"Agriculture Census","Agricultural Survey/Census","completed","http://www.fao.org/world-census-agriculture/wcarounds/en/","2020"
"23","Malawi","MWI",2021,"Agriculture Census","Agricultural Survey/Census","completed","http://www.fao.org/world-census-agriculture/wcarounds/en/","2020"
"24","Mauritania","MRT",2020,"Agriculture Census","Agricultural Survey/Census","completed","http://www.fao.org/world-census-agriculture/wcarounds/en/","2020"
"25","Morocco","MAR",2016,"Agriculture Census","Agricultural Survey/Census","completed","http://www.fao.org/world-census-agriculture/wcarounds/en/","2020"
"26","Namibia","NAM",2024,"Agriculture Census","Agricultural Survey/Census","completed","http://www.fao.org/world-census-agriculture/wcarounds/en/","2020"
"27","Niger","NER",2022,"Agriculture Census","Agricultural Survey/Census","completed","http://www.fao.org/world-census-agriculture/wcarounds/en/","2020"
"28","Reunion (Fr)","REU",2020,"Agriculture Census","Agricultural Survey/Census","completed","http://www.fao.org/world-census-agriculture/wcarounds/en/","2020"
"29","Seychelles","SYC",2022,"Agriculture Census","Agricultural Survey/Census","completed","http://www.fao.org/world-census-agriculture/wcarounds/en/","2020"
"30","South Africa","ZAF",2017,"Agriculture Census","Agricultural Survey/Census","completed","http://www.fao.org/world-census-agriculture/wcarounds/en/","2020"
"31","South Africa","ZAF",2022,"Agriculture Census","Agricultural Survey/Census","completed","http://www.fao.org/world-census-agriculture/wcarounds/en/","2020"
"32","Sudan","SDN",2023,"Agriculture Census","Agricultural Survey/Census","completed","http://www.fao.org/world-census-agriculture/wcarounds/en/","2020"
"33","Tanzania, Un. Rep. of","TZA",2020,"Agriculture Census","Agricultural Survey/Census","completed","http://www.fao.org/world-census-agriculture/wcarounds/en/","2020"
"34","The Gambia","GMB",2022,"Agriculture Census","Agricultural Survey/Census","completed","http://www.fao.org/world-census-agriculture/wcarounds/en/","2020"
"35","Togo","TGO",2025,"Agriculture Census","Agricultural Survey/Census","completed","http://www.fao.org/world-census-agriculture/wcarounds/en/","2020"
"36","Tunisia","TUN",2021,"Agriculture Census","Agricultural Survey/Census","completed","http://www.fao.org/world-census-agriculture/wcarounds/en/","2020"
"37","Uganda","UGA",2018,"Agriculture Census","Agricultural Survey/Census","completed","http://www.fao.org/world-census-agriculture/wcarounds/en/","2020"
"38","Uganda","UGA",2022,"Agriculture Census","Agricultural Survey/Census","completed","http://www.fao.org/world-census-agriculture/wcarounds/en/","2020"
"39","Antigua and Barbuda","ATG",2022,"Agriculture Census","Agricultural Survey/Census","completed","http://www.fao.org/world-census-agriculture/wcarounds/en/","2020"
"40","Belize","BLZ",2019,"Agriculture Census","Agricultural Survey/Census","completed","http://www.fao.org/world-census-agriculture/wcarounds/en/","2020"
"41","Canada","CAN",2016,"Agriculture Census","Agricultural Survey/Census","completed","http://www.fao.org/world-census-agriculture/wcarounds/en/","2020"
"42","Canada","CAN",2021,"Agriculture Census","Agricultural Survey/Census","completed","http://www.fao.org/world-census-agriculture/wcarounds/en/","2020"
"43","Costa Rica","CRI",2025,"Agriculture Census","Agricultural Survey/Census","completed","http://www.fao.org/world-census-agriculture/wcarounds/en/","2020"
"44","Dominica","DMA",2022,"Agriculture Census","Agricultural Survey/Census","completed","http://www.fao.org/world-census-agriculture/wcarounds/en/","2020"
"45","Dominican Republic","DOM",2023,"Agriculture Census","Agricultural Survey/Census","completed","http://www.fao.org/world-census-agriculture/wcarounds/en/","2020"
"46","Grenada","GRD",2022,"Agriculture Census","Agricultural Survey/Census","completed","http://www.fao.org/world-census-agriculture/wcarounds/en/","2020"
"47","Guadeloupe (Fr)","GLP",2020,"Agriculture Census","Agricultural Survey/Census","completed","http://www.fao.org/world-census-agriculture/wcarounds/en/","2020"
"48","Haiti","HTI",2022,"Agriculture Census","Agricultural Survey/Census","completed","http://www.fao.org/world-census-agriculture/wcarounds/en/","2020"
"49","Honduras","HND",2021,"Agriculture Census","Agricultural Survey/Census","completed","http://www.fao.org/world-census-agriculture/wcarounds/en/","2020"
"50","Martinique (Fr)","MTQ",2020,"Agriculture Census","Agricultural Survey/Census","completed","http://www.fao.org/world-census-agriculture/wcarounds/en/","2020"
"51","Panama","PAN",2023,"Agriculture Census","Agricultural Survey/Census","completed","http://www.fao.org/world-census-agriculture/wcarounds/en/","2020"
"52","Puerto Rico (US)","PRI",2018,"Agriculture Census","Agricultural Survey/Census","completed","http://www.fao.org/world-census-agriculture/wcarounds/en/","2020"
"53","Puerto Rico (US)","PRI",2022,"Agriculture Census","Agricultural Survey/Census","completed","http://www.fao.org/world-census-agriculture/wcarounds/en/","2020"
"54","Saint Kitts and Nevis","KNA",2022,"Agriculture Census","Agricultural Survey/Census","completed","http://www.fao.org/world-census-agriculture/wcarounds/en/","2020"
"55","Saint Lucia","LCA",2022,"Agriculture Census","Agricultural Survey/Census","completed","http://www.fao.org/world-census-agriculture/wcarounds/en/","2020"
"56","Saint Vincent and the Grenadines","VCT",2022,"Agriculture Census","Agricultural Survey/Census","completed","http://www.fao.org/world-census-agriculture/wcarounds/en/","2020"
"57","United States of America","USA",2017,"Agriculture Census","Agricultural Survey/Census","completed","http://www.fao.org/world-census-agriculture/wcarounds/en/","2020"
"58","United States of America","USA",2022,"Agriculture Census","Agricultural Survey/Census","completed","http://www.fao.org/world-census-agriculture/wcarounds/en/","2020"
"59","Virgin Islands (US)","VIR",2018,"Agriculture Census","Agricultural Survey/Census","completed","http://www.fao.org/world-census-agriculture/wcarounds/en/","2020"
"60","Virgin Islands (US)","VIR",2022,"Agriculture Census","Agricultural Survey/Census","completed","http://www.fao.org/world-census-agriculture/wcarounds/en/","2020"
"61","Argentina","ARG",2019,"Agriculture Census","Agricultural Survey/Census","completed","http://www.fao.org/world-census-agriculture/wcarounds/en/","2020"
"62","Bolivia","BOL",2023,"Agriculture Census","Agricultural Survey/Census","completed","http://www.fao.org/world-census-agriculture/wcarounds/en/","2020"
"63","Brazil","BRA",2017,"Agriculture Census","Agricultural Survey/Census","completed","http://www.fao.org/world-census-agriculture/wcarounds/en/","2020"
"64","Chile","CHL",2021,"Agriculture Census","Agricultural Survey/Census","completed","http://www.fao.org/world-census-agriculture/wcarounds/en/","2020"
"65","Colombia","COL",2025,"Agriculture Census","Agricultural Survey/Census","completed","http://www.fao.org/world-census-agriculture/wcarounds/en/","2020"
"66","French Guiana","GUF",2020,"Agriculture Census","Agricultural Survey/Census","completed","http://www.fao.org/world-census-agriculture/wcarounds/en/","2020"
"67","Guyana","GUY",2022,"Agriculture Census","Agricultural Survey/Census","completed","http://www.fao.org/world-census-agriculture/wcarounds/en/","2020"
"68","Paraguay","PRY",2022,"Agriculture Census","Agricultural Survey/Census","completed","http://www.fao.org/world-census-agriculture/wcarounds/en/","2020"
"69","Peru","PER",2022,"Agriculture Census","Agricultural Survey/Census","completed","http://www.fao.org/world-census-agriculture/wcarounds/en/","2020"
"70","Suriname","SUR",2022,"Agriculture Census","Agricultural Survey/Census","completed","http://www.fao.org/world-census-agriculture/wcarounds/en/","2020"
"71","Uruguay","URY",2021,"Agriculture Census","Agricultural Survey/Census","completed","http://www.fao.org/world-census-agriculture/wcarounds/en/","2020"
"72","Armenia","ARM",2024,"Agriculture Census","Agricultural Survey/Census","completed","http://www.fao.org/world-census-agriculture/wcarounds/en/","2020"
"73","Azerbaijan","AZE",2025,"Agriculture Census","Agricultural Survey/Census","completed","http://www.fao.org/world-census-agriculture/wcarounds/en/","2020"
"74","Bangladesh","BGD",2020,"Agriculture Census","Agricultural Survey/Census","completed","http://www.fao.org/world-census-agriculture/wcarounds/en/","2020"
"75","Bhutan","BTN",2019,"Agriculture Census","Agricultural Survey/Census","completed","http://www.fao.org/world-census-agriculture/wcarounds/en/","2020"
"76","Cambodia","KHM",2023,"Agriculture Census","Agricultural Survey/Census","completed","http://www.fao.org/world-census-agriculture/wcarounds/en/","2020"
"77","China","CHN",2016,"Agriculture Census","Agricultural Survey/Census","completed","http://www.fao.org/world-census-agriculture/wcarounds/en/","2020"
"78","Cyprus","CYP",2021,"Agriculture Census","Agricultural Survey/Census","completed","http://www.fao.org/world-census-agriculture/wcarounds/en/","2020"
"79","Georgia","GEO",2023,"Agriculture Census","Agricultural Survey/Census","completed","http://www.fao.org/world-census-agriculture/wcarounds/en/","2020"
"80","India","IND",2016,"Agriculture Census","Agricultural Survey/Census","completed","http://www.fao.org/world-census-agriculture/wcarounds/en/","2020"
"81","Indonesia","IDN",2023,"Agriculture Census","Agricultural Survey/Census","completed","http://www.fao.org/world-census-agriculture/wcarounds/en/","2020"
"82","Israel","ISR",2017,"Agriculture Census","Agricultural Survey/Census","completed","http://www.fao.org/world-census-agriculture/wcarounds/en/","2020"
"83","Japan","JPN",2020,"Agriculture Census","Agricultural Survey/Census","completed","http://www.fao.org/world-census-agriculture/wcarounds/en/","2020"
"84","Jordan","JOR",2017,"Agriculture Census","Agricultural Survey/Census","completed","http://www.fao.org/world-census-agriculture/wcarounds/en/","2020"
"85","Korea, Republic of","KOR",2020,"Agriculture Census","Agricultural Survey/Census","completed","http://www.fao.org/world-census-agriculture/wcarounds/en/","2020"
"86","Kyrgyzstan","KGZ",2024,"Agriculture Census","Agricultural Survey/Census","completed","http://www.fao.org/world-census-agriculture/wcarounds/en/","2020"
"87","Lao PDR","LAO",2020,"Agriculture Census","Agricultural Survey/Census","completed","http://www.fao.org/world-census-agriculture/wcarounds/en/","2020"
"88","Maldives","MDV",2022,"Agriculture Census","Agricultural Survey/Census","completed","http://www.fao.org/world-census-agriculture/wcarounds/en/","2020"
"89","Mongolia","MNG",2022,"Agriculture Census","Agricultural Survey/Census","completed","http://www.fao.org/world-census-agriculture/wcarounds/en/","2020"
"90","Myanmar","MMR",2022,"Agriculture Census","Agricultural Survey/Census","completed","http://www.fao.org/world-census-agriculture/wcarounds/en/","2020"
"91","Nepal","NPL",2022,"Agriculture Census","Agricultural Survey/Census","completed","http://www.fao.org/world-census-agriculture/wcarounds/en/","2020"
"92","Occupied Palestinian Territory","PSE",2020,"Agriculture Census","Agricultural Survey/Census","completed","http://www.fao.org/world-census-agriculture/wcarounds/en/","2020"
"93","Oman","OMN",2023,"Agriculture Census","Agricultural Survey/Census","completed","http://www.fao.org/world-census-agriculture/wcarounds/en/","2020"
"94","Pakistan","PAK",2022,"Agriculture Census","Agricultural Survey/Census","completed","http://www.fao.org/world-census-agriculture/wcarounds/en/","2020"
"95","Philippines","PHL",2023,"Agriculture Census","Agricultural Survey/Census","completed","http://www.fao.org/world-census-agriculture/wcarounds/en/","2020"
"96","Qatar","QAT",2021,"Agriculture Census","Agricultural Survey/Census","completed","http://www.fao.org/world-census-agriculture/wcarounds/en/","2020"
"97","Russian Federation","RUS",2016,"Agriculture Census","Agricultural Survey/Census","completed","http://www.fao.org/world-census-agriculture/wcarounds/en/","2020"
"98","Saudi Arabia","SAU",2021,"Agriculture Census","Agricultural Survey/Census","completed","http://www.fao.org/world-census-agriculture/wcarounds/en/","2020"
"99","Sri Lanka","LKA",2023,"Agriculture Census","Agricultural Survey/Census","completed","http://www.fao.org/world-census-agriculture/wcarounds/en/","2020"
"100","Thailand","THA",2023,"Agriculture Census","Agricultural Survey/Census","completed","http://www.fao.org/world-census-agriculture/wcarounds/en/","2020"
"101","Timor-Leste","TLS",2019,"Agriculture Census","Agricultural Survey/Census","completed","http://www.fao.org/world-census-agriculture/wcarounds/en/","2020"
"102","Viet Nam","VNM",2016,"Agriculture Census","Agricultural Survey/Census","completed","http://www.fao.org/world-census-agriculture/wcarounds/en/","2020"
"103","Viet Nam","VNM",2025,"Agriculture Census","Agricultural Survey/Census","completed","http://www.fao.org/world-census-agriculture/wcarounds/en/","2020"
"104","Albania","ALB",2023,"Agriculture Census","Agricultural Survey/Census","completed","http://www.fao.org/world-census-agriculture/wcarounds/en/","2020"
"105","Austria","AUT",2020,"Agriculture Census","Agricultural Survey/Census","completed","http://www.fao.org/world-census-agriculture/wcarounds/en/","2020"
"106","Belgium","BEL",2020,"Agriculture Census","Agricultural Survey/Census","completed","http://www.fao.org/world-census-agriculture/wcarounds/en/","2020"
"107","Belarus","BLR",2019,"Agriculture Census","Agricultural Survey/Census","completed","http://www.fao.org/world-census-agriculture/wcarounds/en/","2020"
"108","Bosnia and Herzegovina","BIH",2023,"Agriculture Census","Agricultural Survey/Census","completed","http://www.fao.org/world-census-agriculture/wcarounds/en/","2020"
"109","Bulgaria","BGR",2020,"Agriculture Census","Agricultural Survey/Census","completed","http://www.fao.org/world-census-agriculture/wcarounds/en/","2020"
"110","Croatia","HRV",2020,"Agriculture Census","Agricultural Survey/Census","completed","http://www.fao.org/world-census-agriculture/wcarounds/en/","2020"
"111","Czechia","CZE",2020,"Agriculture Census","Agricultural Survey/Census","completed","http://www.fao.org/world-census-agriculture/wcarounds/en/","2020"
"112","Denmark","DNK",2020,"Agriculture Census","Agricultural Survey/Census","completed","http://www.fao.org/world-census-agriculture/wcarounds/en/","2020"
"113","Estonia","EST",2020,"Agriculture Census","Agricultural Survey/Census","completed","http://www.fao.org/world-census-agriculture/wcarounds/en/","2020"
"114","Finland","FIN",2020,"Agriculture Census","Agricultural Survey/Census","completed","http://www.fao.org/world-census-agriculture/wcarounds/en/","2020"
"115","France","FRA",2020,"Agriculture Census","Agricultural Survey/Census","completed","http://www.fao.org/world-census-agriculture/wcarounds/en/","2020"
"116","Germany","DEU",2020,"Agriculture Census","Agricultural Survey/Census","completed","http://www.fao.org/world-census-agriculture/wcarounds/en/","2020"
"117","Greece","GRC",2021,"Agriculture Census","Agricultural Survey/Census","completed","http://www.fao.org/world-census-agriculture/wcarounds/en/","2020"
"118","Hungary","HUN",2020,"Agriculture Census","Agricultural Survey/Census","completed","http://www.fao.org/world-census-agriculture/wcarounds/en/","2020"
"119","Iceland","ISL",2020,"Agriculture Census","Agricultural Survey/Census","completed","http://www.fao.org/world-census-agriculture/wcarounds/en/","2020"
"120","Ireland","IRL",2020,"Agriculture Census","Agricultural Survey/Census","completed","http://www.fao.org/world-census-agriculture/wcarounds/en/","2020"
"121","Italy","ITA",2021,"Agriculture Census","Agricultural Survey/Census","completed","http://www.fao.org/world-census-agriculture/wcarounds/en/","2020"
"122","Latvia","LVA",2020,"Agriculture Census","Agricultural Survey/Census","completed","http://www.fao.org/world-census-agriculture/wcarounds/en/","2020"
"123","Lithuania","LTU",2020,"Agriculture Census","Agricultural Survey/Census","completed","http://www.fao.org/world-census-agriculture/wcarounds/en/","2020"
"124","Luxembourg","LUX",2020,"Agriculture Census","Agricultural Survey/Census","completed","http://www.fao.org/world-census-agriculture/wcarounds/en/","2020"
"125","Macedonia","MKD",2021,"Agriculture Census","Agricultural Survey/Census","completed","http://www.fao.org/world-census-agriculture/wcarounds/en/","2020"
"126","Malta","MLT",2020,"Agriculture Census","Agricultural Survey/Census","completed","http://www.fao.org/world-census-agriculture/wcarounds/en/","2020"
"127","Moldova","MDA",2023,"Agriculture Census","Agricultural Survey/Census","completed","http://www.fao.org/world-census-agriculture/wcarounds/en/","2020"
"128","Montenegro","MNE",2022,"Agriculture Census","Agricultural Survey/Census","completed","http://www.fao.org/world-census-agriculture/wcarounds/en/","2020"
"129","Netherlands","NLD",2020,"Agriculture Census","Agricultural Survey/Census","completed","http://www.fao.org/world-census-agriculture/wcarounds/en/","2020"
"130","Norway","NOR",2020,"Agriculture Census","Agricultural Survey/Census","completed","http://www.fao.org/world-census-agriculture/wcarounds/en/","2020"
"131","Poland","POL",2020,"Agriculture Census","Agricultural Survey/Census","completed","http://www.fao.org/world-census-agriculture/wcarounds/en/","2020"
"132","Portugal","PRT",2019,"Agriculture Census","Agricultural Survey/Census","completed","http://www.fao.org/world-census-agriculture/wcarounds/en/","2020"
"133","Romania","ROU",2021,"Agriculture Census","Agricultural Survey/Census","completed","http://www.fao.org/world-census-agriculture/wcarounds/en/","2020"
"134","Serbia","SRB",2021,"Agriculture Census","Agricultural Survey/Census","completed","http://www.fao.org/world-census-agriculture/wcarounds/en/","2020"
"135","Slovakia","SVK",2020,"Agriculture Census","Agricultural Survey/Census","completed","http://www.fao.org/world-census-agriculture/wcarounds/en/","2020"
"136","Slovenia","SVN",2020,"Agriculture Census","Agricultural Survey/Census","completed","http://www.fao.org/world-census-agriculture/wcarounds/en/","2020"
"137","Spain","ESP",2020,"Agriculture Census","Agricultural Survey/Census","completed","http://www.fao.org/world-census-agriculture/wcarounds/en/","2020"
"138","Sweden","SWE",2020,"Agriculture Census","Agricultural Survey/Census","completed","http://www.fao.org/world-census-agriculture/wcarounds/en/","2020"
"139","Switzerland","CHE",2020,"Agriculture Census","Agricultural Survey/Census","completed","http://www.fao.org/world-census-agriculture/wcarounds/en/","2020"
"140","United Kingdom","GBR",2021,"Agriculture Census","Agricultural Survey/Census","completed","http://www.fao.org/world-census-agriculture/wcarounds/en/","2020"
"141","Australia","AUS",2016,"Agriculture Census","Agricultural Survey/Census","completed","http://www.fao.org/world-census-agriculture/wcarounds/en/","2020"
"142","Australia","AUS",2021,"Agriculture Census","Agricultural Survey/Census","completed","http://www.fao.org/world-census-agriculture/wcarounds/en/","2020"
"143","Cook Islands","COK",2022,"Agriculture Census","Agricultural Survey/Census","completed","http://www.fao.org/world-census-agriculture/wcarounds/en/","2020"
"144","Fiji","FJI",2020,"Agriculture Census","Agricultural Survey/Census","completed","http://www.fao.org/world-census-agriculture/wcarounds/en/","2020"
"145","Guam (US)","GUM",2018,"Agriculture Census","Agricultural Survey/Census","completed","http://www.fao.org/world-census-agriculture/wcarounds/en/","2020"
"146","Guam (US)","GUM",2022,"Agriculture Census","Agricultural Survey/Census","completed","http://www.fao.org/world-census-agriculture/wcarounds/en/","2020"
"147","Kiribati","KIR",2020,"Agriculture Census","Agricultural Survey/Census","completed","http://www.fao.org/world-census-agriculture/wcarounds/en/","2020"
"148","Marshall Islands","MHL",2021,"Agriculture Census","Agricultural Survey/Census","completed","http://www.fao.org/world-census-agriculture/wcarounds/en/","2020"
"149","Micronesia Federal States of","FSM",2017,"Agriculture Census","Agricultural Survey/Census","completed","http://www.fao.org/world-census-agriculture/wcarounds/en/","2020"
"150","Nauru","NRU",2021,"Agriculture Census","Agricultural Survey/Census","completed","http://www.fao.org/world-census-agriculture/wcarounds/en/","2020"
"151","New Zealand","NZL",2017,"Agriculture Census","Agricultural Survey/Census","completed","http://www.fao.org/world-census-agriculture/wcarounds/en/","2020"
"152","New Zealand","NZL",2022,"Agriculture Census","Agricultural Survey/Census","completed","http://www.fao.org/world-census-agriculture/wcarounds/en/","2020"
"153","Niue","NIU",2021,"Agriculture Census","Agricultural Survey/Census","completed","http://www.fao.org/world-census-agriculture/wcarounds/en/","2020"
"154","North. Mariana Isl. (US)","MNP",2018,"Agriculture Census","Agricultural Survey/Census","completed","http://www.fao.org/world-census-agriculture/wcarounds/en/","2020"
"155","North. Mariana Isl. (US)","MNP",2022,"Agriculture Census","Agricultural Survey/Census","completed","http://www.fao.org/world-census-agriculture/wcarounds/en/","2020"
"156","Palau","PLW",2020,"Agriculture Census","Agricultural Survey/Census","completed","http://www.fao.org/world-census-agriculture/wcarounds/en/","2020"
"157","Samoa","WSM",2020,"Agriculture Census","Agricultural Survey/Census","completed","http://www.fao.org/world-census-agriculture/wcarounds/en/","2020"
"158","Solomon Isands","SLB",2022,"Agriculture Census","Agricultural Survey/Census","completed","http://www.fao.org/world-census-agriculture/wcarounds/en/","2020"
"159","Tonga","TON",2022,"Agriculture Census","Agricultural Survey/Census","completed","http://www.fao.org/world-census-agriculture/wcarounds/en/","2020"
"160","Tuvalu","TUV",2017,"Agriculture Census","Agricultural Survey/Census","completed","http://www.fao.org/world-census-agriculture/wcarounds/en/","2020"
"161","Vanuatu","VUT",2022,"Agriculture Census","Agricultural Survey/Census","completed","http://www.fao.org/world-census-agriculture/wcarounds/en/","2020"
"162","Botswana","BWA",2015,"Agriculture Census","Agricultural Survey/Census","completed","http://www.fao.org/world-census-agriculture/wcarounds/en/","2010"
"163","Burkina Faso","BFA",2010,"Agriculture Census","Agricultural Survey/Census","completed","http://www.fao.org/world-census-agriculture/wcarounds/en/","2010"
"164","Cabo Verde","CPV",2015,"Agriculture Census","Agricultural Survey/Census","completed","http://www.fao.org/world-census-agriculture/wcarounds/en/","2010"
"165","Congo, Rep.","COG",2015,"Agriculture Census","Agricultural Survey/Census","completed","http://www.fao.org/world-census-agriculture/wcarounds/en/","2010"
"166","Cote d'Ivoire","CIV",2016,"Agriculture Census","Agricultural Survey/Census","completed","http://www.fao.org/world-census-agriculture/wcarounds/en/","2010"
"167","Egypt","EGY",2010,"Agriculture Census","Agricultural Survey/Census","completed","http://www.fao.org/world-census-agriculture/wcarounds/en/","2010"
"168","Equatorial Guinea","GNQ",2015,"Agriculture Census","Agricultural Survey/Census","completed","http://www.fao.org/world-census-agriculture/wcarounds/en/","2010"
"169","The Gambia","GMB",2012,"Agriculture Census","Agricultural Survey/Census","completed","http://www.fao.org/world-census-agriculture/wcarounds/en/","2010"
"170","Lesotho","LSO",2010,"Agriculture Census","Agricultural Survey/Census","completed","http://www.fao.org/world-census-agriculture/wcarounds/en/","2010"
"171","Malawi","MWI",2007,"Agriculture Census","Agricultural Survey/Census","completed","http://www.fao.org/world-census-agriculture/wcarounds/en/","2010"
"172","Mauritius","MUS",2014,"Agriculture Census","Agricultural Survey/Census","completed","http://www.fao.org/world-census-agriculture/wcarounds/en/","2010"
"173","Mozambique","MOZ",2010,"Agriculture Census","Agricultural Survey/Census","completed","http://www.fao.org/world-census-agriculture/wcarounds/en/","2010"
"174","Namibia","NAM",2014,"Agriculture Census","Agricultural Survey/Census","completed","http://www.fao.org/world-census-agriculture/wcarounds/en/","2010"
"175","Niger","NER",2008,"Agriculture Census","Agricultural Survey/Census","completed","http://www.fao.org/world-census-agriculture/wcarounds/en/","2010"
"176","Reunion (Fr)","REU",2010,"Agriculture Census","Agricultural Survey/Census","completed","http://www.fao.org/world-census-agriculture/wcarounds/en/","2010"
"177","Senegal","SEN",2013,"Agriculture Census","Agricultural Survey/Census","completed","http://www.fao.org/world-census-agriculture/wcarounds/en/","2010"
"178","Seychelles","SYC",2011,"Agriculture Census","Agricultural Survey/Census","completed","http://www.fao.org/world-census-agriculture/wcarounds/en/","2010"
"179","South Africa","ZAF",2007,"Agriculture Census","Agricultural Survey/Census","completed","http://www.fao.org/world-census-agriculture/wcarounds/en/","2010"
"180","The Kingdom of Eswatini","SWZ",2013,"Agriculture Census","Agricultural Survey/Census","completed","http://www.fao.org/world-census-agriculture/wcarounds/en/","2010"
"181","Tanzania, Un. Rep. of","TZA",2008,"Agriculture Census","Agricultural Survey/Census","completed","http://www.fao.org/world-census-agriculture/wcarounds/en/","2010"
"182","Togo","TGO",2012,"Agriculture Census","Agricultural Survey/Census","completed","http://www.fao.org/world-census-agriculture/wcarounds/en/","2010"
"183","Uganda","UGA",2009,"Agriculture Census","Agricultural Survey/Census","completed","http://www.fao.org/world-census-agriculture/wcarounds/en/","2010"
"184","Antigua and Barbuda","ATG",2007,"Agriculture Census","Agricultural Survey/Census","completed","http://www.fao.org/world-census-agriculture/wcarounds/en/","2010"
"185","Belize","BLZ",2011,"Agriculture Census","Agricultural Survey/Census","completed","http://www.fao.org/world-census-agriculture/wcarounds/en/","2010"
"186","Canada","CAN",2011,"Agriculture Census","Agricultural Survey/Census","completed","http://www.fao.org/world-census-agriculture/wcarounds/en/","2010"
"187","Costa Rica","CRI",2014,"Agriculture Census","Agricultural Survey/Census","completed","http://www.fao.org/world-census-agriculture/wcarounds/en/","2010"
"188","El Salvador","SLV",2008,"Agriculture Census","Agricultural Survey/Census","completed","http://www.fao.org/world-census-agriculture/wcarounds/en/","2010"
"189","Grenada","GRD",2012,"Agriculture Census","Agricultural Survey/Census","completed","http://www.fao.org/world-census-agriculture/wcarounds/en/","2010"
"190","Guadeloupe (Fr)","GLP",2010,"Agriculture Census","Agricultural Survey/Census","completed","http://www.fao.org/world-census-agriculture/wcarounds/en/","2010"
"191","Haiti","HTI",2009,"Agriculture Census","Agricultural Survey/Census","completed","http://www.fao.org/world-census-agriculture/wcarounds/en/","2010"
"192","Jamaica","JAM",2007,"Agriculture Census","Agricultural Survey/Census","completed","http://www.fao.org/world-census-agriculture/wcarounds/en/","2010"
"193","Martinique (Fr)","MTQ",2010,"Agriculture Census","Agricultural Survey/Census","completed","http://www.fao.org/world-census-agriculture/wcarounds/en/","2010"
"194","Mexico","MEX",2007,"Agriculture Census","Agricultural Survey/Census","completed","http://www.fao.org/world-census-agriculture/wcarounds/en/","2010"
"195","Nicaragua","NIC",2011,"Agriculture Census","Agricultural Survey/Census","completed","http://www.fao.org/world-census-agriculture/wcarounds/en/","2010"
"196","Panama","PAN",2011,"Agriculture Census","Agricultural Survey/Census","completed","http://www.fao.org/world-census-agriculture/wcarounds/en/","2010"
"197","Saint Lucia","LCA",2007,"Agriculture Census","Agricultural Survey/Census","completed","http://www.fao.org/world-census-agriculture/wcarounds/en/","2010"
"198","United States of America","USA",2007,"Agriculture Census","Agricultural Survey/Census","completed","http://www.fao.org/world-census-agriculture/wcarounds/en/","2010"
"199","United States of America","USA",2012,"Agriculture Census","Agricultural Survey/Census","completed","http://www.fao.org/world-census-agriculture/wcarounds/en/","2010"
"200","Argentina","ARG",2008,"Agriculture Census","Agricultural Survey/Census","completed","http://www.fao.org/world-census-agriculture/wcarounds/en/","2010"
"201","Bolivia","BOL",2013,"Agriculture Census","Agricultural Survey/Census","completed","http://www.fao.org/world-census-agriculture/wcarounds/en/","2010"
"202","Brazil","BRA",2006,"Agriculture Census","Agricultural Survey/Census","completed","http://www.fao.org/world-census-agriculture/wcarounds/en/","2010"
"203","Chile","CHL",2007,"Agriculture Census","Agricultural Survey/Census","completed","http://www.fao.org/world-census-agriculture/wcarounds/en/","2010"
"204","Colombia","COL",2014,"Agriculture Census","Agricultural Survey/Census","completed","http://www.fao.org/world-census-agriculture/wcarounds/en/","2010"
"205","French Guyana","GUF",2010,"Agriculture Census","Agricultural Survey/Census","completed","http://www.fao.org/world-census-agriculture/wcarounds/en/","2010"
"206","Paraguay","PRY",2008,"Agriculture Census","Agricultural Survey/Census","completed","http://www.fao.org/world-census-agriculture/wcarounds/en/","2010"
"207","Peru","PER",2012,"Agriculture Census","Agricultural Survey/Census","completed","http://www.fao.org/world-census-agriculture/wcarounds/en/","2010"
"208","Suriname","SUR",2008,"Agriculture Census","Agricultural Survey/Census","completed","http://www.fao.org/world-census-agriculture/wcarounds/en/","2010"
"209","Uruguay","URY",2011,"Agriculture Census","Agricultural Survey/Census","completed","http://www.fao.org/world-census-agriculture/wcarounds/en/","2010"
"210","Venezuela","VEN",2008,"Agriculture Census","Agricultural Survey/Census","completed","http://www.fao.org/world-census-agriculture/wcarounds/en/","2010"
"211","Armenia","ARM",2014,"Agriculture Census","Agricultural Survey/Census","completed","http://www.fao.org/world-census-agriculture/wcarounds/en/","2010"
"212","Azerbaijan","AZE",2015,"Agriculture Census","Agricultural Survey/Census","completed","http://www.fao.org/world-census-agriculture/wcarounds/en/","2010"
"213","Bangladesh","BGD",2008,"Agriculture Census","Agricultural Survey/Census","completed","http://www.fao.org/world-census-agriculture/wcarounds/en/","2010"
"214","Bhutan","BTN",2009,"Agriculture Census","Agricultural Survey/Census","completed","http://www.fao.org/world-census-agriculture/wcarounds/en/","2010"
"215","Cambodia","KHM",2013,"Agriculture Census","Agricultural Survey/Census","completed","http://www.fao.org/world-census-agriculture/wcarounds/en/","2010"
"216","China","CHN",2006,"Agriculture Census","Agricultural Survey/Census","completed","http://www.fao.org/world-census-agriculture/wcarounds/en/","2010"
"217","Cyprus","CYP",2010,"Agriculture Census","Agricultural Survey/Census","completed","http://www.fao.org/world-census-agriculture/wcarounds/en/","2010"
"218","Georgia","GEO",2014,"Agriculture Census","Agricultural Survey/Census","completed","http://www.fao.org/world-census-agriculture/wcarounds/en/","2010"
"219","India","IND",2011,"Agriculture Census","Agricultural Survey/Census","completed","http://www.fao.org/world-census-agriculture/wcarounds/en/","2010"
"220","Iran","IRN",2015,"Agriculture Census","Agricultural Survey/Census","completed","http://www.fao.org/world-census-agriculture/wcarounds/en/","2010"
"221","Indonesia","IDN",2013,"Agriculture Census","Agricultural Survey/Census","completed","http://www.fao.org/world-census-agriculture/wcarounds/en/","2010"
"222","Japan","JPN",2015,"Agriculture Census","Agricultural Survey/Census","completed","http://www.fao.org/world-census-agriculture/wcarounds/en/","2010"
"223","Jordan","JOR",2007,"Agriculture Census","Agricultural Survey/Census","completed","http://www.fao.org/world-census-agriculture/wcarounds/en/","2010"
"224","Kazakhstan","KAZ",2007,"Agriculture Census","Agricultural Survey/Census","completed","http://www.fao.org/world-census-agriculture/wcarounds/en/","2010"
"225","Lao PDR","LAO",2011,"Agriculture Census","Agricultural Survey/Census","completed","http://www.fao.org/world-census-agriculture/wcarounds/en/","2010"
"226","Lebanon","LBN",2010,"Agriculture Census","Agricultural Survey/Census","completed","http://www.fao.org/world-census-agriculture/wcarounds/en/","2010"
"227","Mongolia","MNG",2011,"Agriculture Census","Agricultural Survey/Census","completed","http://www.fao.org/world-census-agriculture/wcarounds/en/","2010"
"228","Myanmar","MMR",2010,"Agriculture Census","Agricultural Survey/Census","completed","http://www.fao.org/world-census-agriculture/wcarounds/en/","2010"
"229","Nepal","NPL",2012,"Agriculture Census","Agricultural Survey/Census","completed","http://www.fao.org/world-census-agriculture/wcarounds/en/","2010"
"230","Occupied Palestinian Territory","PSE",2010,"Agriculture Census","Agricultural Survey/Census","completed","http://www.fao.org/world-census-agriculture/wcarounds/en/","2010"
"231","Oman","OMN",2013,"Agriculture Census","Agricultural Survey/Census","completed","http://www.fao.org/world-census-agriculture/wcarounds/en/","2010"
"232","Pakistan","PAK",2010,"Agriculture Census","Agricultural Survey/Census","completed","http://www.fao.org/world-census-agriculture/wcarounds/en/","2010"
"233","Philippines","PHL",2012,"Agriculture Census","Agricultural Survey/Census","completed","http://www.fao.org/world-census-agriculture/wcarounds/en/","2010"
"234","Russian Federation","RUS",2006,"Agriculture Census","Agricultural Survey/Census","completed","http://www.fao.org/world-census-agriculture/wcarounds/en/","2010"
"235","Saudi Arabia","SAU",2015,"Agriculture Census","Agricultural Survey/Census","completed","http://www.fao.org/world-census-agriculture/wcarounds/en/","2010"
"236","Sri Lanka","LKA",2014,"Agriculture Census","Agricultural Survey/Census","completed","http://www.fao.org/world-census-agriculture/wcarounds/en/","2010"
"237","Tajikistan","TJK",2013,"Agriculture Census","Agricultural Survey/Census","completed","http://www.fao.org/world-census-agriculture/wcarounds/en/","2010"
"238","Thailand","THA",2013,"Agriculture Census","Agricultural Survey/Census","completed","http://www.fao.org/world-census-agriculture/wcarounds/en/","2010"
"239","Viet Nam","VNM",2011,"Agriculture Census","Agricultural Survey/Census","completed","http://www.fao.org/world-census-agriculture/wcarounds/en/","2010"
"240","Albania","ALB",2012,"Agriculture Census","Agricultural Survey/Census","completed","http://www.fao.org/world-census-agriculture/wcarounds/en/","2010"
"241","Austria","AUT",2010,"Agriculture Census","Agricultural Survey/Census","completed","http://www.fao.org/world-census-agriculture/wcarounds/en/","2010"
"242","Belgium","BEL",2010,"Agriculture Census","Agricultural Survey/Census","completed","http://www.fao.org/world-census-agriculture/wcarounds/en/","2010"
"243","Bulgaria","BGR",2010,"Agriculture Census","Agricultural Survey/Census","completed","http://www.fao.org/world-census-agriculture/wcarounds/en/","2010"
"244","Croatia","HRV",2010,"Agriculture Census","Agricultural Survey/Census","completed","http://www.fao.org/world-census-agriculture/wcarounds/en/","2010"
"245","Czechia","CZE",2010,"Agriculture Census","Agricultural Survey/Census","completed","http://www.fao.org/world-census-agriculture/wcarounds/en/","2010"
"246","Denmark","DNK",2010,"Agriculture Census","Agricultural Survey/Census","completed","http://www.fao.org/world-census-agriculture/wcarounds/en/","2010"
"247","Estonia","EST",2010,"Agriculture Census","Agricultural Survey/Census","completed","http://www.fao.org/world-census-agriculture/wcarounds/en/","2010"
"248","Finland","FIN",2010,"Agriculture Census","Agricultural Survey/Census","completed","http://www.fao.org/world-census-agriculture/wcarounds/en/","2010"
"249","France","FRA",2010,"Agriculture Census","Agricultural Survey/Census","completed","http://www.fao.org/world-census-agriculture/wcarounds/en/","2010"
"250","Germany","DEU",2010,"Agriculture Census","Agricultural Survey/Census","completed","http://www.fao.org/world-census-agriculture/wcarounds/en/","2010"
"251","Greece","GRC",2010,"Agriculture Census","Agricultural Survey/Census","completed","http://www.fao.org/world-census-agriculture/wcarounds/en/","2010"
"252","Hungary","HUN",2010,"Agriculture Census","Agricultural Survey/Census","completed","http://www.fao.org/world-census-agriculture/wcarounds/en/","2010"
"253","Iceland","ISL",2010,"Agriculture Census","Agricultural Survey/Census","completed","http://www.fao.org/world-census-agriculture/wcarounds/en/","2010"
"254","Ireland","IRL",2010,"Agriculture Census","Agricultural Survey/Census","completed","http://www.fao.org/world-census-agriculture/wcarounds/en/","2010"
"255","Italy","ITA",2010,"Agriculture Census","Agricultural Survey/Census","completed","http://www.fao.org/world-census-agriculture/wcarounds/en/","2010"
"256","Latvia","LVA",2010,"Agriculture Census","Agricultural Survey/Census","completed","http://www.fao.org/world-census-agriculture/wcarounds/en/","2010"
"257","Lithuania","LTU",2010,"Agriculture Census","Agricultural Survey/Census","completed","http://www.fao.org/world-census-agriculture/wcarounds/en/","2010"
"258","Luxembourg","LUX",2010,"Agriculture Census","Agricultural Survey/Census","completed","http://www.fao.org/world-census-agriculture/wcarounds/en/","2010"
"259","Macedonia","MKD",2007,"Agriculture Census","Agricultural Survey/Census","completed","http://www.fao.org/world-census-agriculture/wcarounds/en/","2010"
"260","Malta","MLT",2010,"Agriculture Census","Agricultural Survey/Census","completed","http://www.fao.org/world-census-agriculture/wcarounds/en/","2010"
"261","Moldova","MDA",2011,"Agriculture Census","Agricultural Survey/Census","completed","http://www.fao.org/world-census-agriculture/wcarounds/en/","2010"
"262","Montenegro","MNE",2010,"Agriculture Census","Agricultural Survey/Census","completed","http://www.fao.org/world-census-agriculture/wcarounds/en/","2010"
"263","Netherland","NLD",2010,"Agriculture Census","Agricultural Survey/Census","completed","http://www.fao.org/world-census-agriculture/wcarounds/en/","2010"
"264","Norway","NOR",2010,"Agriculture Census","Agricultural Survey/Census","completed","http://www.fao.org/world-census-agriculture/wcarounds/en/","2010"
"265","Poland","POL",2010,"Agriculture Census","Agricultural Survey/Census","completed","http://www.fao.org/world-census-agriculture/wcarounds/en/","2010"
"266","Portugal","PRT",2009,"Agriculture Census","Agricultural Survey/Census","completed","http://www.fao.org/world-census-agriculture/wcarounds/en/","2010"
"267","Romania","ROU",2010,"Agriculture Census","Agricultural Survey/Census","completed","http://www.fao.org/world-census-agriculture/wcarounds/en/","2010"
"268","Serbia","SRB",2012,"Agriculture Census","Agricultural Survey/Census","completed","http://www.fao.org/world-census-agriculture/wcarounds/en/","2010"
"269","Slovakia","SVK",2010,"Agriculture Census","Agricultural Survey/Census","completed","http://www.fao.org/world-census-agriculture/wcarounds/en/","2010"
"270","Slovenia","SVN",2010,"Agriculture Census","Agricultural Survey/Census","completed","http://www.fao.org/world-census-agriculture/wcarounds/en/","2010"
"271","Spain","ESP",2009,"Agriculture Census","Agricultural Survey/Census","completed","http://www.fao.org/world-census-agriculture/wcarounds/en/","2010"
"272","Sweden","SWE",2010,"Agriculture Census","Agricultural Survey/Census","completed","http://www.fao.org/world-census-agriculture/wcarounds/en/","2010"
"273","Switzerland","CHE",2010,"Agriculture Census","Agricultural Survey/Census","completed","http://www.fao.org/world-census-agriculture/wcarounds/en/","2010"
"274","United Kingdom","GBR",2010,"Agriculture Census","Agricultural Survey/Census","completed","http://www.fao.org/world-census-agriculture/wcarounds/en/","2010"
"275","Australia","AUS",2011,"Agriculture Census","Agricultural Survey/Census","completed","http://www.fao.org/world-census-agriculture/wcarounds/en/","2010"
"276","Cook Islands","COK",2011,"Agriculture Census","Agricultural Survey/Census","completed","http://www.fao.org/world-census-agriculture/wcarounds/en/","2010"
"277","Fiji","FJI",2009,"Agriculture Census","Agricultural Survey/Census","completed","http://www.fao.org/world-census-agriculture/wcarounds/en/","2010"
"278","New Zealand","NZL",2012,"Agriculture Census","Agricultural Survey/Census","completed","http://www.fao.org/world-census-agriculture/wcarounds/en/","2010"
"279","Niue","NIU",2009,"Agriculture Census","Agricultural Survey/Census","completed","http://www.fao.org/world-census-agriculture/wcarounds/en/","2010"
"280","Palau","PLW",2015,"Agriculture Census","Agricultural Survey/Census","completed","http://www.fao.org/world-census-agriculture/wcarounds/en/","2010"
"281","Samoa","WSM",2009,"Agriculture Census","Agricultural Survey/Census","completed","http://www.fao.org/world-census-agriculture/wcarounds/en/","2010"
"282","Tonga","TON",2015,"Agriculture Census","Agricultural Survey/Census","completed","http://www.fao.org/world-census-agriculture/wcarounds/en/","2010"
"283","Vanuatu","VUT",2007,"Agriculture Census","Agricultural Survey/Census","completed","http://www.fao.org/world-census-agriculture/wcarounds/en/","2010"
