"","country","iso3c","year","status","instrument_name","instrument_type","source","census_round"
"1","Algeria","DZA",2008,"Complete","Population Census","Census","https://unstats.un.org/unsd/demographic-social/census/censusdates/","2010"
"2","Algeria","DZA",2021,"Planned","Population Census","Census","https://unstats.un.org/unsd/demographic-social/census/censusdates/","2020"
"3","Angola","AGO",2014,"Complete","Population Census","Census","https://unstats.un.org/unsd/demographic-social/census/censusdates/","2010"
"4","Angola","AGO",2024,"Planned","Population Census","Census","https://unstats.un.org/unsd/demographic-social/census/censusdates/","2020"
"5","Benin","BEN",2013,"Complete","Population Census","Census","https://unstats.un.org/unsd/demographic-social/census/censusdates/","2010"
"6","Benin","BEN",2023,"Planned","Population Census","Census","https://unstats.un.org/unsd/demographic-social/census/censusdates/","2020"
"7","Botswana","BWA",2011,"Complete","Population Census","Census","https://unstats.un.org/unsd/demographic-social/census/censusdates/","2010"
"8","Botswana","BWA",2022,"Planned","Population Census","Census","https://unstats.un.org/unsd/demographic-social/census/censusdates/","2020"
"9","Burkina Faso","BFA",2006,"Complete","Population Census","Census","https://unstats.un.org/unsd/demographic-social/census/censusdates/","2010"
"10","Burkina Faso","BFA",2019,"Complete","Population Census","Census","https://unstats.un.org/unsd/demographic-social/census/censusdates/","2020"
"11","Burundi","BDI",2008,"Complete","Population Census","Census","https://unstats.un.org/unsd/demographic-social/census/censusdates/","2010"
"12","Burundi","BDI",2022,"Planned","Population Census","Census","https://unstats.un.org/unsd/demographic-social/census/censusdates/","2020"
"13","Cameroon","CMR",2005,"Complete","Population Census","Census","https://unstats.un.org/unsd/demographic-social/census/censusdates/","2010"
"14","Cameroon","CMR",2021,"Planned","Population Census","Census","https://unstats.un.org/unsd/demographic-social/census/censusdates/","2020"
"15","Cabo Verde","CPV",2010,"Complete","Population Census","Census","https://unstats.un.org/unsd/demographic-social/census/censusdates/","2010"
"16","Cabo Verde","CPV",2021,"Planned","Population Census","Census","https://unstats.un.org/unsd/demographic-social/census/censusdates/","2020"
"17","Chad","TCD",2009,"Complete","Population Census","Census","https://unstats.un.org/unsd/demographic-social/census/censusdates/","2010"
"18","Chad","TCD",2021,"Planned","Population Census","Census","https://unstats.un.org/unsd/demographic-social/census/censusdates/","2020"
"19","Comoros","COM",2017,"Complete","Population Census","Census","https://unstats.un.org/unsd/demographic-social/census/censusdates/","2020"
"20","Congo, Rep.","COG",2007,"Complete","Population Census","Census","https://unstats.un.org/unsd/demographic-social/census/censusdates/","2010"
"21","Congo, Rep.","COG",2021,"Planned","Population Census","Census","https://unstats.un.org/unsd/demographic-social/census/censusdates/","2020"
"22","Cote d'Ivoire","CIV",2014,"Complete","Population Census","Census","https://unstats.un.org/unsd/demographic-social/census/censusdates/","2010"
"23","Cote d'Ivoire","CIV",2021,"Planned","Population Census","Census","https://unstats.un.org/unsd/demographic-social/census/censusdates/","2020"
"24","Congo, Dem. Rep.","COD",2022,"Planned","Population Census","Census","https://unstats.un.org/unsd/demographic-social/census/censusdates/","2020"
"25","Djibouti","DJI",2009,"Complete","Population Census","Census","https://unstats.un.org/unsd/demographic-social/census/censusdates/","2010"
"26","Djibouti","DJI",2021,"Planned","Population Census","Census","https://unstats.un.org/unsd/demographic-social/census/censusdates/","2020"
"27","Egypt","EGY",2006,"Complete","Population Census","Census","https://unstats.un.org/unsd/demographic-social/census/censusdates/","2010"
"28","Egypt","EGY",2017,"Complete","Population Census","Census","https://unstats.un.org/unsd/demographic-social/census/censusdates/","2020"
"29","Equatorial Guinea","GNQ",2015,"Complete","Population Census","Census","https://unstats.un.org/unsd/demographic-social/census/censusdates/","2020"
"30","Eswatini","SWZ",2007,"Complete","Population Census","Census","https://unstats.un.org/unsd/demographic-social/census/censusdates/","2010"
"31","Eswatini","SWZ",2017,"Complete","Population Census","Census","https://unstats.un.org/unsd/demographic-social/census/censusdates/","2020"
"32","Ethiopia","ETH",2007,"Complete","Population Census","Census","https://unstats.un.org/unsd/demographic-social/census/censusdates/","2010"
"33","Ethiopia","ETH",2021,"Planned","Population Census","Census","https://unstats.un.org/unsd/demographic-social/census/censusdates/","2020"
"34","Gabon","GAB",2013,"Complete","Population Census","Census","https://unstats.un.org/unsd/demographic-social/census/censusdates/","2010"
"35","Gabon","GAB",2023,"Planned","Population Census","Census","https://unstats.un.org/unsd/demographic-social/census/censusdates/","2020"
"36","Gambia","GMB",2013,"Complete","Population Census","Census","https://unstats.un.org/unsd/demographic-social/census/censusdates/","2010"
"37","Gambia","GMB",2023,"Planned","Population Census","Census","https://unstats.un.org/unsd/demographic-social/census/censusdates/","2020"
"38","Ghana","GHA",2010,"Complete","Population Census","Census","https://unstats.un.org/unsd/demographic-social/census/censusdates/","2010"
"39","Ghana","GHA",2021,"Planned","Population Census","Census","https://unstats.un.org/unsd/demographic-social/census/censusdates/","2020"
"40","Guinea","GIN",2014,"Complete","Population Census","Census","https://unstats.un.org/unsd/demographic-social/census/censusdates/","2010"
"41","Guinea","GIN",2024,"Planned","Population Census","Census","https://unstats.un.org/unsd/demographic-social/census/censusdates/","2020"
"42","Guinea-Bissau","GNB",2009,"Complete","Population Census","Census","https://unstats.un.org/unsd/demographic-social/census/censusdates/","2010"
"43","Guinea-Bissau","GNB",2021,"Planned","Population Census","Census","https://unstats.un.org/unsd/demographic-social/census/censusdates/","2020"
"44","Kenya","KEN",2009,"Complete","Population Census","Census","https://unstats.un.org/unsd/demographic-social/census/censusdates/","2010"
"45","Kenya","KEN",2019,"Complete","Population Census","Census","https://unstats.un.org/unsd/demographic-social/census/censusdates/","2020"
"46","Lesotho","LSO",2006,"Complete","Population Census","Census","https://unstats.un.org/unsd/demographic-social/census/censusdates/","2010"
"47","Lesotho","LSO",2016,"Complete","Population Census","Census","https://unstats.un.org/unsd/demographic-social/census/censusdates/","2020"
"48","Liberia","LBR",2008,"Complete","Population Census","Census","https://unstats.un.org/unsd/demographic-social/census/censusdates/","2010"
"49","Liberia","LBR",2022,"Planned","Population Census","Census","https://unstats.un.org/unsd/demographic-social/census/censusdates/","2020"
"50","Libya","LBY",2006,"Complete","Population Census","Census","https://unstats.un.org/unsd/demographic-social/census/censusdates/","2010"
"51","Madagascar","MDG",2018,"Complete","Population Census","Census","https://unstats.un.org/unsd/demographic-social/census/censusdates/","2020"
"52","Malawi","MWI",2008,"Complete","Population Census","Census","https://unstats.un.org/unsd/demographic-social/census/censusdates/","2010"
"53","Malawi","MWI",2018,"Complete","Population Census","Census","https://unstats.un.org/unsd/demographic-social/census/censusdates/","2020"
"54","Mali","MLI",2009,"Complete","Population Census","Census","https://unstats.un.org/unsd/demographic-social/census/censusdates/","2010"
"55","Mali","MLI",2021,"Planned","Population Census","Census","https://unstats.un.org/unsd/demographic-social/census/censusdates/","2020"
"56","Mauritania","MRT",2013,"Complete","Population Census","Census","https://unstats.un.org/unsd/demographic-social/census/censusdates/","2010"
"57","Mauritania","MRT",2023,"Planned","Population Census","Census","https://unstats.un.org/unsd/demographic-social/census/censusdates/","2020"
"58","Mauritius","MUS",2011,"Complete","Population Census","Census","https://unstats.un.org/unsd/demographic-social/census/censusdates/","2010"
"59","Mauritius","MUS",2022,"Planned","Population Census","Census","https://unstats.un.org/unsd/demographic-social/census/censusdates/","2020"
"60","Mayotte","MYT",2007,"Complete","Population Census","Census","https://unstats.un.org/unsd/demographic-social/census/censusdates/","2010"
"61","Mayotte","MYT",2017,"Complete","Population Census","Census","https://unstats.un.org/unsd/demographic-social/census/censusdates/","2020"
"62","Mayotte","MYT",2012,"Complete","Population Census","Census","https://unstats.un.org/unsd/demographic-social/census/censusdates/","2010"
"63","Morocco","MAR",2014,"Complete","Population Census","Census","https://unstats.un.org/unsd/demographic-social/census/censusdates/","2010"
"64","Morocco","MAR",2024,"Planned","Population Census","Census","https://unstats.un.org/unsd/demographic-social/census/censusdates/","2020"
"65","Mozambique","MOZ",2007,"Complete","Population Census","Census","https://unstats.un.org/unsd/demographic-social/census/censusdates/","2010"
"66","Mozambique","MOZ",2017,"Complete","Population Census","Census","https://unstats.un.org/unsd/demographic-social/census/censusdates/","2020"
"67","Namibia","NAM",2011,"Complete","Population Census","Census","https://unstats.un.org/unsd/demographic-social/census/censusdates/","2010"
"68","Namibia","NAM",2021,"Planned","Population Census","Census","https://unstats.un.org/unsd/demographic-social/census/censusdates/","2020"
"69","Niger","NER",2012,"Complete","Population Census","Census","https://unstats.un.org/unsd/demographic-social/census/censusdates/","2010"
"70","Niger","NER",2021,"Planned","Population Census","Census","https://unstats.un.org/unsd/demographic-social/census/censusdates/","2020"
"71","Nigeria","NGA",2006,"Complete","Population Census","Census","https://unstats.un.org/unsd/demographic-social/census/censusdates/","2010"
"72","Nigeria","NGA",2021,"Planned","Population Census","Census","https://unstats.un.org/unsd/demographic-social/census/censusdates/","2020"
"73","Réunion","REU",2008,"Complete","Population Census","Census","https://unstats.un.org/unsd/demographic-social/census/censusdates/","2010"
"74","Réunion","REU",2016,"Complete","Population Census","Census","https://unstats.un.org/unsd/demographic-social/census/censusdates/","2020"
"75","Rwanda","RWA",2012,"Complete","Population Census","Census","https://unstats.un.org/unsd/demographic-social/census/censusdates/","2010"
"76","Rwanda","RWA",2022,"Planned","Population Census","Census","https://unstats.un.org/unsd/demographic-social/census/censusdates/","2020"
"77","Saint Helena","SHN",2008,"Complete","Population Census","Census","https://unstats.un.org/unsd/demographic-social/census/censusdates/","2010"
"78","Saint Helena","SHN",2016,"Complete","Population Census","Census","https://unstats.un.org/unsd/demographic-social/census/censusdates/","2020"
"79","Sao Tome and Principe","STP",2012,"Complete","Population Census","Census","https://unstats.un.org/unsd/demographic-social/census/censusdates/","2010"
"80","Sao Tome and Principe","STP",2022,"Planned","Population Census","Census","https://unstats.un.org/unsd/demographic-social/census/censusdates/","2020"
"81","Senegal","SEN",2013,"Complete","Population Census","Census","https://unstats.un.org/unsd/demographic-social/census/censusdates/","2010"
"82","Senegal","SEN",2023,"Planned","Population Census","Census","https://unstats.un.org/unsd/demographic-social/census/censusdates/","2020"
"83","Seychelles","SYC",2010,"Complete","Population Census","Census","https://unstats.un.org/unsd/demographic-social/census/censusdates/","2010"
"84","Seychelles","SYC",2021,"Planned","Population Census","Census","https://unstats.un.org/unsd/demographic-social/census/censusdates/","2020"
"85","Sierra Leone","SLE",2015,"Complete","Population Census","Census","https://unstats.un.org/unsd/demographic-social/census/censusdates/","2020"
"86","Sierra Leone","SLE",2020,"Complete","Population Census","Census","https://unstats.un.org/unsd/demographic-social/census/censusdates/","2020"
"87","South Africa","ZAF",2021,"Planned","Population Census","Census","https://unstats.un.org/unsd/demographic-social/census/censusdates/","2020"
"88","South Africa","ZAF",2011,"Complete","Population Census","Census","https://unstats.un.org/unsd/demographic-social/census/censusdates/","2010"
"89","South Sudan","SSD",2008,"Complete","Population Census","Census","https://unstats.un.org/unsd/demographic-social/census/censusdates/","2010"
"90","Sudan","SDN",2008,"Complete","Population Census","Census","https://unstats.un.org/unsd/demographic-social/census/censusdates/","2010"
"91","Sudan","SDN",2021,"Planned","Population Census","Census","https://unstats.un.org/unsd/demographic-social/census/censusdates/","2020"
"92","Togo","TGO",2010,"Complete","Population Census","Census","https://unstats.un.org/unsd/demographic-social/census/censusdates/","2010"
"93","Togo","TGO",2021,"Planned","Population Census","Census","https://unstats.un.org/unsd/demographic-social/census/censusdates/","2020"
"94","Tunisia","TUN",2014,"Complete","Population Census","Census","https://unstats.un.org/unsd/demographic-social/census/censusdates/","2010"
"95","Tunisia","TUN",2024,"Planned","Population Census","Census","https://unstats.un.org/unsd/demographic-social/census/censusdates/","2020"
"96","Uganda","UGA",2014,"Complete","Population Census","Census","https://unstats.un.org/unsd/demographic-social/census/censusdates/","2010"
"97","Uganda","UGA",2022,"Planned","Population Census","Census","https://unstats.un.org/unsd/demographic-social/census/censusdates/","2020"
"98","Tanzania","TZA",2012,"Complete","Population Census","Census","https://unstats.un.org/unsd/demographic-social/census/censusdates/","2010"
"99","Tanzania","TZA",2022,"Planned","Population Census","Census","https://unstats.un.org/unsd/demographic-social/census/censusdates/","2020"
"100","Zambia","ZMB",2010,"Complete","Population Census","Census","https://unstats.un.org/unsd/demographic-social/census/censusdates/","2010"
"101","Zambia","ZMB",2021,"Planned","Population Census","Census","https://unstats.un.org/unsd/demographic-social/census/censusdates/","2020"
"102","Zimbabwe","ZWE",2012,"Complete","Population Census","Census","https://unstats.un.org/unsd/demographic-social/census/censusdates/","2010"
"103","Zimbabwe","ZWE",2022,"Planned","Population Census","Census","https://unstats.un.org/unsd/demographic-social/census/censusdates/","2020"
"104","Anguilla","AIA",2011,"Complete","Population Census","Census","https://unstats.un.org/unsd/demographic-social/census/censusdates/","2010"
"105","Anguilla","AIA",2021,"Planned","Population Census","Census","https://unstats.un.org/unsd/demographic-social/census/censusdates/","2020"
"106","Antigua and Barbuda","ATG",2011,"Complete","Population Census","Census","https://unstats.un.org/unsd/demographic-social/census/censusdates/","2010"
"107","Antigua and Barbuda","ATG",2022,"Planned","Population Census","Census","https://unstats.un.org/unsd/demographic-social/census/censusdates/","2020"
"108","Aruba","ABW",2010,"Complete","Population Census","Census","https://unstats.un.org/unsd/demographic-social/census/censusdates/","2010"
"109","Aruba","ABW",2020,"Complete","Population Census","Census","https://unstats.un.org/unsd/demographic-social/census/censusdates/","2020"
"110","Bahamas","BHS",2010,"Complete","Population Census","Census","https://unstats.un.org/unsd/demographic-social/census/censusdates/","2010"
"111","Bahamas","BHS",2021,"Planned","Population Census","Census","https://unstats.un.org/unsd/demographic-social/census/censusdates/","2020"
"112","Barbados","BRB",2010,"Complete","Population Census","Census","https://unstats.un.org/unsd/demographic-social/census/censusdates/","2010"
"113","Barbados","BRB",2021,"Planned","Population Census","Census","https://unstats.un.org/unsd/demographic-social/census/censusdates/","2020"
"114","Belize","BLZ",2010,"Complete","Population Census","Census","https://unstats.un.org/unsd/demographic-social/census/censusdates/","2010"
"115","Belize","BLZ",2021,"Planned","Population Census","Census","https://unstats.un.org/unsd/demographic-social/census/censusdates/","2020"
"116","Bermuda","BMU",2010,"Complete","Population Census","Census","https://unstats.un.org/unsd/demographic-social/census/censusdates/","2010"
"117","Bermuda","BMU",2016,"Complete","Population Census","Census","https://unstats.un.org/unsd/demographic-social/census/censusdates/","2020"
"118","British Virgin Islands","VGB",2010,"Complete","Population Census","Census","https://unstats.un.org/unsd/demographic-social/census/censusdates/","2010"
"119","British Virgin Islands","VGB",2021,"Planned","Population Census","Census","https://unstats.un.org/unsd/demographic-social/census/censusdates/","2020"
"120","Canada","CAN",2006,"Complete","Population Census","Census","https://unstats.un.org/unsd/demographic-social/census/censusdates/","2010"
"121","Canada","CAN",2016,"Complete","Population Census","Census","https://unstats.un.org/unsd/demographic-social/census/censusdates/","2020"
"122","Canada","CAN",2011,"Complete","Population Census","Census","https://unstats.un.org/unsd/demographic-social/census/censusdates/","2010"
"123","Canada","CAN",2021,"Planned","Population Census","Census","https://unstats.un.org/unsd/demographic-social/census/censusdates/","2020"
"124","Cayman Islands","CYM",2010,"Complete","Population Census","Census","https://unstats.un.org/unsd/demographic-social/census/censusdates/","2010"
"125","Cayman Islands","CYM",2021,"Planned","Population Census","Census","https://unstats.un.org/unsd/demographic-social/census/censusdates/","2020"
"126","Costa Rica","CRI",2011,"Complete","Population Census","Census","https://unstats.un.org/unsd/demographic-social/census/censusdates/","2010"
"127","Costa Rica","CRI",2021,"Planned","Population Census","Census","https://unstats.un.org/unsd/demographic-social/census/censusdates/","2020"
"128","Cuba","CUB",2012,"Complete","Population Census","Census","https://unstats.un.org/unsd/demographic-social/census/censusdates/","2010"
"129","Cuba","CUB",2022,"Planned","Population Census","Census","https://unstats.un.org/unsd/demographic-social/census/censusdates/","2020"
"130","Curaçao","CUW",2021,"Planned","Population Census","Census","https://unstats.un.org/unsd/demographic-social/census/censusdates/","2020"
"131","Dominica","DMA",2011,"Complete","Population Census","Census","https://unstats.un.org/unsd/demographic-social/census/censusdates/","2010"
"132","Dominica","DMA",2021,"Planned","Population Census","Census","https://unstats.un.org/unsd/demographic-social/census/censusdates/","2020"
"133","Dominican Republic","DOM",2010,"Complete","Population Census","Census","https://unstats.un.org/unsd/demographic-social/census/censusdates/","2010"
"134","Dominican Republic","DOM",2022,"Planned","Population Census","Census","https://unstats.un.org/unsd/demographic-social/census/censusdates/","2020"
"135","El Salvador","SLV",2007,"Complete","Population Census","Census","https://unstats.un.org/unsd/demographic-social/census/censusdates/","2010"
"136","El Salvador","SLV",2022,"Planned","Population Census","Census","https://unstats.un.org/unsd/demographic-social/census/censusdates/","2020"
"137","Greenland","GRL",2011,"Complete","Population Census","Census","https://unstats.un.org/unsd/demographic-social/census/censusdates/","2010"
"138","Greenland","GRL",2021,"Planned","Population Census","Census","https://unstats.un.org/unsd/demographic-social/census/censusdates/","2020"
"139","Grenada","GRD",2011,"Complete","Population Census","Census","https://unstats.un.org/unsd/demographic-social/census/censusdates/","2010"
"140","Grenada","GRD",2021,"Planned","Population Census","Census","https://unstats.un.org/unsd/demographic-social/census/censusdates/","2020"
"141","Guadeloupe","GLP",2008,"Complete","Population Census","Census","https://unstats.un.org/unsd/demographic-social/census/censusdates/","2010"
"142","Guadeloupe","GLP",2016,"Complete","Population Census","Census","https://unstats.un.org/unsd/demographic-social/census/censusdates/","2020"
"143","Guatemala","GTM",2018,"Complete","Population Census","Census","https://unstats.un.org/unsd/demographic-social/census/censusdates/","2020"
"144","Haiti","HTI",2021,"Planned","Population Census","Census","https://unstats.un.org/unsd/demographic-social/census/censusdates/","2020"
"145","Honduras","HND",2013,"Complete","Population Census","Census","https://unstats.un.org/unsd/demographic-social/census/censusdates/","2010"
"146","Honduras","HND",2023,"Planned","Population Census","Census","https://unstats.un.org/unsd/demographic-social/census/censusdates/","2020"
"147","Jamaica","JAM",2011,"Complete","Population Census","Census","https://unstats.un.org/unsd/demographic-social/census/censusdates/","2010"
"148","Jamaica","JAM",2021,"Planned","Population Census","Census","https://unstats.un.org/unsd/demographic-social/census/censusdates/","2020"
"149","Martinique","MTQ",2008,"Complete","Population Census","Census","https://unstats.un.org/unsd/demographic-social/census/censusdates/","2010"
"150","Martinique","MTQ",2016,"Complete","Population Census","Census","https://unstats.un.org/unsd/demographic-social/census/censusdates/","2020"
"151","Mexico","MEX",2005,"Complete","Population Census","Census","https://unstats.un.org/unsd/demographic-social/census/censusdates/","2010"
"152","Mexico","MEX",2020,"Complete","Population Census","Census","https://unstats.un.org/unsd/demographic-social/census/censusdates/","2020"
"153","Mexico","MEX",2010,"Complete","Population Census","Census","https://unstats.un.org/unsd/demographic-social/census/censusdates/","2010"
"154","Montserrat","MSR",2011,"Complete","Population Census","Census","https://unstats.un.org/unsd/demographic-social/census/censusdates/","2010"
"155","Montserrat","MSR",2022,"Planned","Population Census","Census","https://unstats.un.org/unsd/demographic-social/census/censusdates/","2020"
"156","Nicaragua","NIC",2005,"Complete","Population Census","Census","https://unstats.un.org/unsd/demographic-social/census/censusdates/","2010"
"157","Nicaragua","NIC",2021,"Planned","Population Census","Census","https://unstats.un.org/unsd/demographic-social/census/censusdates/","2020"
"158","Panama","PAN",2010,"Complete","Population Census","Census","https://unstats.un.org/unsd/demographic-social/census/censusdates/","2010"
"159","Panama","PAN",2022,"Planned","Population Census","Census","https://unstats.un.org/unsd/demographic-social/census/censusdates/","2020"
"160","Puerto Rico","PRI",2010,"Complete","Population Census","Census","https://unstats.un.org/unsd/demographic-social/census/censusdates/","2010"
"161","Puerto Rico","PRI",2020,"Complete","Population Census","Census","https://unstats.un.org/unsd/demographic-social/census/censusdates/","2020"
"162","Saint­Barthélemy","BLM",2015,"Complete","Population Census","Census","https://unstats.un.org/unsd/demographic-social/census/censusdates/","2020"
"163","St. Martin","MAF",2015,"Complete","Population Census","Census","https://unstats.un.org/unsd/demographic-social/census/censusdates/","2020"
"164","Sint Maarten","SXM",2021,"Planned","Population Census","Census","https://unstats.un.org/unsd/demographic-social/census/censusdates/","2020"
"165","St. Kitts and Nevis","KNA",2011,"Complete","Population Census","Census","https://unstats.un.org/unsd/demographic-social/census/censusdates/","2010"
"166","St. Kitts and Nevis","KNA",2021,"Planned","Population Census","Census","https://unstats.un.org/unsd/demographic-social/census/censusdates/","2020"
"167","St. Lucia","LCA",2010,"Complete","Population Census","Census","https://unstats.un.org/unsd/demographic-social/census/censusdates/","2010"
"168","St. Lucia","LCA",2022,"Planned","Population Census","Census","https://unstats.un.org/unsd/demographic-social/census/censusdates/","2020"
"169","Saint Pierre and Miquelon","SPM",2006,"Complete","Population Census","Census","https://unstats.un.org/unsd/demographic-social/census/censusdates/","2010"
"170","Saint Pierre and Miquelon","SPM",2015,"Complete","Population Census","Census","https://unstats.un.org/unsd/demographic-social/census/censusdates/","2020"
"171","St. Vincent & Grenadines","VCT",2012,"Complete","Population Census","Census","https://unstats.un.org/unsd/demographic-social/census/censusdates/","2010"
"172","St. Vincent & Grenadines","VCT",2022,"Planned","Population Census","Census","https://unstats.un.org/unsd/demographic-social/census/censusdates/","2020"
"173","Trinidad and Tobago","TTO",2011,"Complete","Population Census","Census","https://unstats.un.org/unsd/demographic-social/census/censusdates/","2010"
"174","Trinidad and Tobago","TTO",2021,"Planned","Population Census","Census","https://unstats.un.org/unsd/demographic-social/census/censusdates/","2020"
"175","Turks and Caicos Islands","TCA",2012,"Complete","Population Census","Census","https://unstats.un.org/unsd/demographic-social/census/censusdates/","2010"
"176","Turks and Caicos Islands","TCA",2022,"Planned","Population Census","Census","https://unstats.un.org/unsd/demographic-social/census/censusdates/","2020"
"177","United States","USA",2010,"Complete","Population Census","Census","https://unstats.un.org/unsd/demographic-social/census/censusdates/","2010"
"178","United States","USA",2020,"Complete","Population Census","Census","https://unstats.un.org/unsd/demographic-social/census/censusdates/","2020"
"179","U. S. Virgin Islands","VIR",2010,"Complete","Population Census","Census","https://unstats.un.org/unsd/demographic-social/census/censusdates/","2010"
"180","U. S. Virgin Islands","VIR",2020,"Complete","Population Census","Census","https://unstats.un.org/unsd/demographic-social/census/censusdates/","2020"
"181","Argentina","ARG",2010,"Complete","Population Census","Census","https://unstats.un.org/unsd/demographic-social/census/censusdates/","2010"
"182","Argentina","ARG",2021,"Planned","Population Census","Census","https://unstats.un.org/unsd/demographic-social/census/censusdates/","2020"
"183","Bolivia","BOL",2012,"Complete","Population Census","Census","https://unstats.un.org/unsd/demographic-social/census/censusdates/","2010"
"184","Bolivia","BOL",2022,"Planned","Population Census","Census","https://unstats.un.org/unsd/demographic-social/census/censusdates/","2020"
"185","Brazil","BRA",2021,"Planned","Population Census","Census","https://unstats.un.org/unsd/demographic-social/census/censusdates/","2020"
"186","Brazil","BRA",2010,"Complete","Population Census","Census","https://unstats.un.org/unsd/demographic-social/census/censusdates/","2010"
"187","Chile","CHL",2012,"Complete","Population Census","Census","https://unstats.un.org/unsd/demographic-social/census/censusdates/","2010"
"188","Chile","CHL",2017,"Complete","Population Census","Census","https://unstats.un.org/unsd/demographic-social/census/censusdates/","2020"
"189","Chile","CHL",2022,"Planned","Population Census","Census","https://unstats.un.org/unsd/demographic-social/census/censusdates/","2020"
"190","Colombia","COL",2006,"Complete","Population Census","Census","https://unstats.un.org/unsd/demographic-social/census/censusdates/","2010"
"191","Colombia","COL",2018,"Complete","Population Census","Census","https://unstats.un.org/unsd/demographic-social/census/censusdates/","2020"
"192","Ecuador","ECU",2010,"Complete","Population Census","Census","https://unstats.un.org/unsd/demographic-social/census/censusdates/","2010"
"193","Ecuador","ECU",2021,"Planned","Population Census","Census","https://unstats.un.org/unsd/demographic-social/census/censusdates/","2020"
"194","Falkland Islands","FLK",2006,"Complete","Population Census","Census","https://unstats.un.org/unsd/demographic-social/census/censusdates/","2010"
"195","Falkland Islands","FLK",2016,"Complete","Population Census","Census","https://unstats.un.org/unsd/demographic-social/census/censusdates/","2020"
"196","Falkland Islands","FLK",2012,"Complete","Population Census","Census","https://unstats.un.org/unsd/demographic-social/census/censusdates/","2010"
"197","French Guiana","GUF",2008,"Complete","Population Census","Census","https://unstats.un.org/unsd/demographic-social/census/censusdates/","2010"
"198","French Guiana","GUF",2016,"Complete","Population Census","Census","https://unstats.un.org/unsd/demographic-social/census/censusdates/","2020"
"199","Guyana","GUY",2012,"Complete","Population Census","Census","https://unstats.un.org/unsd/demographic-social/census/censusdates/","2010"
"200","Guyana","GUY",2022,"Planned","Population Census","Census","https://unstats.un.org/unsd/demographic-social/census/censusdates/","2020"
"201","Paraguay","PRY",2012,"Complete","Population Census","Census","https://unstats.un.org/unsd/demographic-social/census/censusdates/","2010"
"202","Paraguay","PRY",2022,"Planned","Population Census","Census","https://unstats.un.org/unsd/demographic-social/census/censusdates/","2020"
"203","Peru","PER",2005,"Complete","Population Census","Census","https://unstats.un.org/unsd/demographic-social/census/censusdates/","2010"
"204","Peru","PER",2017,"Complete","Population Census","Census","https://unstats.un.org/unsd/demographic-social/census/censusdates/","2020"
"205","Peru","PER",2007,"Complete","Population Census","Census","https://unstats.un.org/unsd/demographic-social/census/censusdates/","2010"
"206","Suriname","SUR",2022,"Planned","Population Census","Census","https://unstats.un.org/unsd/demographic-social/census/censusdates/","2020"
"207","Suriname","SUR",2012,"Complete","Population Census","Census","https://unstats.un.org/unsd/demographic-social/census/censusdates/","2010"
"208","Uruguay","URY",2011,"Complete","Population Census","Census","https://unstats.un.org/unsd/demographic-social/census/censusdates/","2010"
"209","Uruguay","URY",2023,"Planned","Population Census","Census","https://unstats.un.org/unsd/demographic-social/census/censusdates/","2020"
"210","Venezuela","VEN",2011,"Complete","Population Census","Census","https://unstats.un.org/unsd/demographic-social/census/censusdates/","2010"
"211","Venezuela","VEN",2021,"Planned","Population Census","Census","https://unstats.un.org/unsd/demographic-social/census/censusdates/","2020"
"212","Armenia","ARM",2011,"Complete","Population Census","Census","https://unstats.un.org/unsd/demographic-social/census/censusdates/","2010"
"213","Armenia","ARM",2021,"Planned","Population Census","Census","https://unstats.un.org/unsd/demographic-social/census/censusdates/","2020"
"214","Azerbaijan","AZE",2009,"Complete","Population Census","Census","https://unstats.un.org/unsd/demographic-social/census/censusdates/","2010"
"215","Azerbaijan","AZE",2019,"Complete","Population Census","Census","https://unstats.un.org/unsd/demographic-social/census/censusdates/","2020"
"216","Bahrain","BHR",2010,"Complete","Population Census","Census","https://unstats.un.org/unsd/demographic-social/census/censusdates/","2010"
"217","Bahrain","BHR",2020,"Complete","Population Census","Census","https://unstats.un.org/unsd/demographic-social/census/censusdates/","2020"
"218","Bangladesh","BGD",2011,"Complete","Population Census","Census","https://unstats.un.org/unsd/demographic-social/census/censusdates/","2010"
"219","Bangladesh","BGD",2021,"Planned","Population Census","Census","https://unstats.un.org/unsd/demographic-social/census/censusdates/","2020"
"220","Bhutan","BTN",2005,"Complete","Population Census","Census","https://unstats.un.org/unsd/demographic-social/census/censusdates/","2010"
"221","Bhutan","BTN",2017,"Complete","Population Census","Census","https://unstats.un.org/unsd/demographic-social/census/censusdates/","2020"
"222","Brunei Darussalam","BRN",2011,"Complete","Population Census","Census","https://unstats.un.org/unsd/demographic-social/census/censusdates/","2010"
"223","Brunei Darussalam","BRN",2021,"Planned","Population Census","Census","https://unstats.un.org/unsd/demographic-social/census/censusdates/","2020"
"224","Cambodia","KHM",2008,"Complete","Population Census","Census","https://unstats.un.org/unsd/demographic-social/census/censusdates/","2010"
"225","Cambodia","KHM",2019,"Complete","Population Census","Census","https://unstats.un.org/unsd/demographic-social/census/censusdates/","2020"
"226","China","CHN",2010,"Complete","Population Census","Census","https://unstats.un.org/unsd/demographic-social/census/censusdates/","2010"
"227","China","CHN",2020,"Complete","Population Census","Census","https://unstats.un.org/unsd/demographic-social/census/censusdates/","2020"
"228","Hong Kong SAR, China","HKG",2006,"Complete","Population Census","Census","https://unstats.un.org/unsd/demographic-social/census/censusdates/","2010"
"229","Hong Kong SAR, China","HKG",2016,"Complete","Population Census","Census","https://unstats.un.org/unsd/demographic-social/census/censusdates/","2020"
"230","Hong Kong SAR, China","HKG",2011,"Complete","Population Census","Census","https://unstats.un.org/unsd/demographic-social/census/censusdates/","2010"
"231","Hong Kong SAR, China","HKG",2021,"Planned","Population Census","Census","https://unstats.un.org/unsd/demographic-social/census/censusdates/","2020"
"232","Macao SAR, China","MAC",2006,"Complete","Population Census","Census","https://unstats.un.org/unsd/demographic-social/census/censusdates/","2010"
"233","Macao SAR, China","MAC",2016,"Complete","Population Census","Census","https://unstats.un.org/unsd/demographic-social/census/censusdates/","2020"
"234","Macao SAR, China","MAC",2011,"Complete","Population Census","Census","https://unstats.un.org/unsd/demographic-social/census/censusdates/","2010"
"235","Macao SAR, China","MAC",2021,"Planned","Population Census","Census","https://unstats.un.org/unsd/demographic-social/census/censusdates/","2020"
"236","Cyprus","CYP",2011,"Complete","Population Census","Census","https://unstats.un.org/unsd/demographic-social/census/censusdates/","2010"
"237","Cyprus","CYP",2021,"Planned","Population Census","Census","https://unstats.un.org/unsd/demographic-social/census/censusdates/","2020"
"238","Georgia","GEO",2014,"Complete","Population Census","Census","https://unstats.un.org/unsd/demographic-social/census/censusdates/","2010"
"239","Georgia","GEO",2024,"Planned","Population Census","Census","https://unstats.un.org/unsd/demographic-social/census/censusdates/","2020"
"240","India","IND",2011,"Complete","Population Census","Census","https://unstats.un.org/unsd/demographic-social/census/censusdates/","2010"
"241","India","IND",2021,"Planned","Population Census","Census","https://unstats.un.org/unsd/demographic-social/census/censusdates/","2020"
"242","Indonesia","IDN",2010,"Complete","Population Census","Census","https://unstats.un.org/unsd/demographic-social/census/censusdates/","2010"
"243","Indonesia","IDN",2020,"Complete","Population Census","Census","https://unstats.un.org/unsd/demographic-social/census/censusdates/","2020"
"244","Iran, Islamic Rep.","IRN",2006,"Complete","Population Census","Census","https://unstats.un.org/unsd/demographic-social/census/censusdates/","2010"
"245","Iran, Islamic Rep.","IRN",2016,"Complete","Population Census","Census","https://unstats.un.org/unsd/demographic-social/census/censusdates/","2020"
"246","Iran, Islamic Rep.","IRN",2011,"Complete","Population Census","Census","https://unstats.un.org/unsd/demographic-social/census/censusdates/","2010"
"247","Iran, Islamic Rep.","IRN",2021,"Planned","Population Census","Census","https://unstats.un.org/unsd/demographic-social/census/censusdates/","2020"
"248","Israel","ISR",2009,"Complete","Population Census","Census","https://unstats.un.org/unsd/demographic-social/census/censusdates/","2010"
"249","Israel","ISR",2021,"Planned","Population Census","Census","https://unstats.un.org/unsd/demographic-social/census/censusdates/","2020"
"250","Japan","JPN",2005,"Complete","Population Census","Census","https://unstats.un.org/unsd/demographic-social/census/censusdates/","2010"
"251","Japan","JPN",2015,"Complete","Population Census","Census","https://unstats.un.org/unsd/demographic-social/census/censusdates/","2020"
"252","Japan","JPN",2010,"Complete","Population Census","Census","https://unstats.un.org/unsd/demographic-social/census/censusdates/","2010"
"253","Japan","JPN",2020,"Complete","Population Census","Census","https://unstats.un.org/unsd/demographic-social/census/censusdates/","2020"
"254","Jordan","JOR",2015,"Complete","Population Census","Census","https://unstats.un.org/unsd/demographic-social/census/censusdates/","2020"
"255","Kazakhstan","KAZ",2009,"Complete","Population Census","Census","https://unstats.un.org/unsd/demographic-social/census/censusdates/","2010"
"256","Kazakhstan","KAZ",2021,"Planned","Population Census","Census","https://unstats.un.org/unsd/demographic-social/census/censusdates/","2020"
"257","Korea, Dem. Rep.","PRK",2008,"Complete","Population Census","Census","https://unstats.un.org/unsd/demographic-social/census/censusdates/","2010"
"258","Korea, Dem. Rep.","PRK",2019,"Complete","Population Census","Census","https://unstats.un.org/unsd/demographic-social/census/censusdates/","2020"
"259","Korea, Rep.","KOR",2005,"Complete","Population Census","Census","https://unstats.un.org/unsd/demographic-social/census/censusdates/","2010"
"260","Korea, Rep.","KOR",2015,"Complete","Population Census","Census","https://unstats.un.org/unsd/demographic-social/census/censusdates/","2020"
"261","Korea, Rep.","KOR",2010,"Complete","Population Census","Census","https://unstats.un.org/unsd/demographic-social/census/censusdates/","2010"
"262","Korea, Rep.","KOR",2020,"Complete","Population Census","Census","https://unstats.un.org/unsd/demographic-social/census/censusdates/","2020"
"263","Kuwait","KWT",2005,"Complete","Population Census","Census","https://unstats.un.org/unsd/demographic-social/census/censusdates/","2010"
"264","Kuwait","KWT",2021,"Planned","Population Census","Census","https://unstats.un.org/unsd/demographic-social/census/censusdates/","2020"
"265","Kuwait","KWT",2011,"Complete","Population Census","Census","https://unstats.un.org/unsd/demographic-social/census/censusdates/","2010"
"266","Kyrgyz Repubic","KGZ",2009,"Complete","Population Census","Census","https://unstats.un.org/unsd/demographic-social/census/censusdates/","2010"
"267","Kyrgyz Repubic","KGZ",2021,"Planned","Population Census","Census","https://unstats.un.org/unsd/demographic-social/census/censusdates/","2020"
"268","Lao PDR","LAO",2005,"Complete","Population Census","Census","https://unstats.un.org/unsd/demographic-social/census/censusdates/","2010"
"269","Lao PDR","LAO",2015,"Complete","Population Census","Census","https://unstats.un.org/unsd/demographic-social/census/censusdates/","2020"
"270","Malaysia","MYS",2010,"Complete","Population Census","Census","https://unstats.un.org/unsd/demographic-social/census/censusdates/","2010"
"271","Malaysia","MYS",2020,"Complete","Population Census","Census","https://unstats.un.org/unsd/demographic-social/census/censusdates/","2020"
"272","Maldives","MDV",2006,"Complete","Population Census","Census","https://unstats.un.org/unsd/demographic-social/census/censusdates/","2010"
"273","Maldives","MDV",2022,"Planned","Population Census","Census","https://unstats.un.org/unsd/demographic-social/census/censusdates/","2020"
"274","Maldives","MDV",2014,"Complete","Population Census","Census","https://unstats.un.org/unsd/demographic-social/census/censusdates/","2010"
"275","Mongolia","MNG",2010,"Complete","Population Census","Census","https://unstats.un.org/unsd/demographic-social/census/censusdates/","2010"
"276","Mongolia","MNG",2020,"Complete","Population Census","Census","https://unstats.un.org/unsd/demographic-social/census/censusdates/","2020"
"277","Myanmar","MMR",2014,"Complete","Population Census","Census","https://unstats.un.org/unsd/demographic-social/census/censusdates/","2010"
"278","Myanmar","MMR",2024,"Planned","Population Census","Census","https://unstats.un.org/unsd/demographic-social/census/censusdates/","2020"
"279","Nepal","NPL",2011,"Complete","Population Census","Census","https://unstats.un.org/unsd/demographic-social/census/censusdates/","2010"
"280","Nepal","NPL",2021,"Planned","Population Census","Census","https://unstats.un.org/unsd/demographic-social/census/censusdates/","2020"
"281","Oman","OMN",2010,"Complete","Population Census","Census","https://unstats.un.org/unsd/demographic-social/census/censusdates/","2010"
"282","Oman","OMN",2020,"Complete","Population Census","Census","https://unstats.un.org/unsd/demographic-social/census/censusdates/","2020"
"283","Pakistan","PAK",2017,"Complete","Population Census","Census","https://unstats.un.org/unsd/demographic-social/census/censusdates/","2020"
"284","Palestine","PSE",2007,"Complete","Population Census","Census","https://unstats.un.org/unsd/demographic-social/census/censusdates/","2010"
"285","Palestine","PSE",2017,"Complete","Population Census","Census","https://unstats.un.org/unsd/demographic-social/census/censusdates/","2020"
"286","Philippines","PHL",2007,"Complete","Population Census","Census","https://unstats.un.org/unsd/demographic-social/census/censusdates/","2010"
"287","Philippines","PHL",2015,"Complete","Population Census","Census","https://unstats.un.org/unsd/demographic-social/census/censusdates/","2020"
"288","Philippines","PHL",2010,"Complete","Population Census","Census","https://unstats.un.org/unsd/demographic-social/census/censusdates/","2010"
"289","Philippines","PHL",2020,"Complete","Population Census","Census","https://unstats.un.org/unsd/demographic-social/census/censusdates/","2020"
"290","Qatar","QAT",2010,"Complete","Population Census","Census","https://unstats.un.org/unsd/demographic-social/census/censusdates/","2010"
"291","Qatar","QAT",2015,"Complete","Population Census","Census","https://unstats.un.org/unsd/demographic-social/census/censusdates/","2020"
"292","Qatar","QAT",2020,"Complete","Population Census","Census","https://unstats.un.org/unsd/demographic-social/census/censusdates/","2020"
"293","Saudi Arabia","SAU",2010,"Complete","Population Census","Census","https://unstats.un.org/unsd/demographic-social/census/censusdates/","2010"
"294","Saudi Arabia","SAU",2021,"Planned","Population Census","Census","https://unstats.un.org/unsd/demographic-social/census/censusdates/","2020"
"295","Singapore","SGP",2010,"Complete","Population Census","Census","https://unstats.un.org/unsd/demographic-social/census/censusdates/","2010"
"296","Singapore","SGP",2020,"Complete","Population Census","Census","https://unstats.un.org/unsd/demographic-social/census/censusdates/","2020"
"297","Sri Lanka","LKA",2012,"Complete","Population Census","Census","https://unstats.un.org/unsd/demographic-social/census/censusdates/","2010"
"298","Sri Lanka","LKA",2021,"Planned","Population Census","Census","https://unstats.un.org/unsd/demographic-social/census/censusdates/","2020"
"299","Tajikistan","TJK",2010,"Complete","Population Census","Census","https://unstats.un.org/unsd/demographic-social/census/censusdates/","2010"
"300","Tajikistan","TJK",2020,"Complete","Population Census","Census","https://unstats.un.org/unsd/demographic-social/census/censusdates/","2020"
"301","Thailand","THA",2010,"Complete","Population Census","Census","https://unstats.un.org/unsd/demographic-social/census/censusdates/","2010"
"302","Thailand","THA",2022,"Planned","Population Census","Census","https://unstats.un.org/unsd/demographic-social/census/censusdates/","2020"
"303","Timor-Leste","TLS",2010,"Complete","Population Census","Census","https://unstats.un.org/unsd/demographic-social/census/censusdates/","2010"
"304","Timor-Leste","TLS",2015,"Complete","Population Census","Census","https://unstats.un.org/unsd/demographic-social/census/censusdates/","2020"
"305","Turkey","TUR",2011,"Complete","Population Census","Census","https://unstats.un.org/unsd/demographic-social/census/censusdates/","2010"
"306","Turkey","TUR",2021,"Planned","Population Census","Census","https://unstats.un.org/unsd/demographic-social/census/censusdates/","2020"
"307","Turkmenistan","TKM",2012,"Complete","Population Census","Census","https://unstats.un.org/unsd/demographic-social/census/censusdates/","2010"
"308","Turkmenistan","TKM",2022,"Planned","Population Census","Census","https://unstats.un.org/unsd/demographic-social/census/censusdates/","2020"
"309","United Arab Emirates","ARE",2005,"Complete","Population Census","Census","https://unstats.un.org/unsd/demographic-social/census/censusdates/","2010"
"310","United Arab Emirates","ARE",2010,"Complete","Population Census","Census","https://unstats.un.org/unsd/demographic-social/census/censusdates/","2010"
"311","United Arab Emirates","ARE",2021,"Planned","Population Census","Census","https://unstats.un.org/unsd/demographic-social/census/censusdates/","2020"
"312","Uzbekistan","UZB",2023,"Planned","Population Census","Census","https://unstats.un.org/unsd/demographic-social/census/censusdates/","2020"
"313","Vietnam","VNM",2009,"Complete","Population Census","Census","https://unstats.un.org/unsd/demographic-social/census/censusdates/","2010"
"314","Vietnam","VNM",2019,"Complete","Population Census","Census","https://unstats.un.org/unsd/demographic-social/census/censusdates/","2020"
"315","Albania","ALB",2011,"Complete","Population Census","Census","https://unstats.un.org/unsd/demographic-social/census/censusdates/","2010"
"316","Albania","ALB",2022,"Planned","Population Census","Census","https://unstats.un.org/unsd/demographic-social/census/censusdates/","2020"
"317","Andorra","AND",2011,"Complete","Population Census","Census","https://unstats.un.org/unsd/demographic-social/census/censusdates/","2010"
"318","Andorra","AND",2021,"Planned","Population Census","Census","https://unstats.un.org/unsd/demographic-social/census/censusdates/","2020"
"319","Austria","AUT",2011,"Complete","Population Census","Census","https://unstats.un.org/unsd/demographic-social/census/censusdates/","2010"
"320","Austria","AUT",2021,"Planned","Population Census","Census","https://unstats.un.org/unsd/demographic-social/census/censusdates/","2020"
"321","Belarus","BLR",2009,"Complete","Population Census","Census","https://unstats.un.org/unsd/demographic-social/census/censusdates/","2010"
"322","Belarus","BLR",2019,"Complete","Population Census","Census","https://unstats.un.org/unsd/demographic-social/census/censusdates/","2020"
"323","Belgium","BEL",2011,"Complete","Population Census","Census","https://unstats.un.org/unsd/demographic-social/census/censusdates/","2010"
"324","Belgium","BEL",2021,"Planned","Population Census","Census","https://unstats.un.org/unsd/demographic-social/census/censusdates/","2020"
"325","Bosnia and Herzegovina","BIH",2013,"Complete","Population Census","Census","https://unstats.un.org/unsd/demographic-social/census/censusdates/","2010"
"326","Bosnia and Herzegovina","BIH",2023,"Planned","Population Census","Census","https://unstats.un.org/unsd/demographic-social/census/censusdates/","2020"
"327","Bulgaria","BGR",2011,"Complete","Population Census","Census","https://unstats.un.org/unsd/demographic-social/census/censusdates/","2010"
"328","Bulgaria","BGR",2021,"Planned","Population Census","Census","https://unstats.un.org/unsd/demographic-social/census/censusdates/","2020"
"329","Croatia","HRV",2011,"Complete","Population Census","Census","https://unstats.un.org/unsd/demographic-social/census/censusdates/","2010"
"330","Croatia","HRV",2021,"Planned","Population Census","Census","https://unstats.un.org/unsd/demographic-social/census/censusdates/","2020"
"331","Czech Republic","CZE",2011,"Complete","Population Census","Census","https://unstats.un.org/unsd/demographic-social/census/censusdates/","2010"
"332","Czech Republic","CZE",2021,"Planned","Population Census","Census","https://unstats.un.org/unsd/demographic-social/census/censusdates/","2020"
"333","Denmark","DNK",2011,"Complete","Population Census","Census","https://unstats.un.org/unsd/demographic-social/census/censusdates/","2010"
"334","Denmark","DNK",2021,"Planned","Population Census","Census","https://unstats.un.org/unsd/demographic-social/census/censusdates/","2020"
"335","Estonia","EST",2012,"Complete","Population Census","Census","https://unstats.un.org/unsd/demographic-social/census/censusdates/","2010"
"336","Estonia","EST",2021,"Planned","Population Census","Census","https://unstats.un.org/unsd/demographic-social/census/censusdates/","2020"
"337","Faeroe Islands","FRO",2011,"Complete","Population Census","Census","https://unstats.un.org/unsd/demographic-social/census/censusdates/","2010"
"338","Faeroe Islands","FRO",2021,"Planned","Population Census","Census","https://unstats.un.org/unsd/demographic-social/census/censusdates/","2020"
"339","Finland","FIN",2010,"Complete","Population Census","Census","https://unstats.un.org/unsd/demographic-social/census/censusdates/","2010"
"340","Finland","FIN",2021,"Planned","Population Census","Census","https://unstats.un.org/unsd/demographic-social/census/censusdates/","2020"
"341","France","FRA",2006,"Complete","Population Census","Census","https://unstats.un.org/unsd/demographic-social/census/censusdates/","2010"
"342","France","FRA",2016,"Complete","Population Census","Census","https://unstats.un.org/unsd/demographic-social/census/censusdates/","2020"
"343","France","FRA",2011,"Complete","Population Census","Census","https://unstats.un.org/unsd/demographic-social/census/censusdates/","2010"
"344","Germany","DEU",2011,"Complete","Population Census","Census","https://unstats.un.org/unsd/demographic-social/census/censusdates/","2010"
"345","Germany","DEU",2022,"Planned","Population Census","Census","https://unstats.un.org/unsd/demographic-social/census/censusdates/","2020"
"346","Gibraltar","GIB",2012,"Complete","Population Census","Census","https://unstats.un.org/unsd/demographic-social/census/censusdates/","2010"
"347","Gibraltar","GIB",2022,"Planned","Population Census","Census","https://unstats.un.org/unsd/demographic-social/census/censusdates/","2020"
"348","Greece","GRC",2011,"Complete","Population Census","Census","https://unstats.un.org/unsd/demographic-social/census/censusdates/","2010"
"349","Greece","GRC",2021,"Planned","Population Census","Census","https://unstats.un.org/unsd/demographic-social/census/censusdates/","2020"
"350","Guernsey","GGY",2009,"Complete","Population Census","Census","https://unstats.un.org/unsd/demographic-social/census/censusdates/","2010"
"351","Guernsey","GGY",2015,"Complete","Population Census","Census","https://unstats.un.org/unsd/demographic-social/census/censusdates/","2020"
"352","Holy See","VAT",2009,"Complete","Population Census","Census","https://unstats.un.org/unsd/demographic-social/census/censusdates/","2010"
"353","Holy See","VAT",2021,"Planned","Population Census","Census","https://unstats.un.org/unsd/demographic-social/census/censusdates/","2020"
"354","Hungary","HUN",2011,"Complete","Population Census","Census","https://unstats.un.org/unsd/demographic-social/census/censusdates/","2010"
"355","Hungary","HUN",2021,"Planned","Population Census","Census","https://unstats.un.org/unsd/demographic-social/census/censusdates/","2020"
"356","Iceland","ISL",2011,"Complete","Population Census","Census","https://unstats.un.org/unsd/demographic-social/census/censusdates/","2010"
"357","Iceland","ISL",2021,"Planned","Population Census","Census","https://unstats.un.org/unsd/demographic-social/census/censusdates/","2020"
"358","Ireland","IRL",2006,"Complete","Population Census","Census","https://unstats.un.org/unsd/demographic-social/census/censusdates/","2010"
"359","Ireland","IRL",2016,"Complete","Population Census","Census","https://unstats.un.org/unsd/demographic-social/census/censusdates/","2020"
"360","Ireland","IRL",2011,"Complete","Population Census","Census","https://unstats.un.org/unsd/demographic-social/census/censusdates/","2010"
"361","Ireland","IRL",2021,"Planned","Population Census","Census","https://unstats.un.org/unsd/demographic-social/census/censusdates/","2020"
"362","Isle of Man","IMN",2006,"Complete","Population Census","Census","https://unstats.un.org/unsd/demographic-social/census/censusdates/","2010"
"363","Isle of Man","IMN",2016,"Complete","Population Census","Census","https://unstats.un.org/unsd/demographic-social/census/censusdates/","2020"
"364","Isle of Man","IMN",2011,"Complete","Population Census","Census","https://unstats.un.org/unsd/demographic-social/census/censusdates/","2010"
"365","Isle of Man","IMN",2021,"Planned","Population Census","Census","https://unstats.un.org/unsd/demographic-social/census/censusdates/","2020"
"366","Italy","ITA",2012,"Complete","Population Census","Census","https://unstats.un.org/unsd/demographic-social/census/censusdates/","2010"
"367","Italy","ITA",2021,"Planned","Population Census","Census","https://unstats.un.org/unsd/demographic-social/census/censusdates/","2020"
"368","Jersey","JEY",2021,"Planned","Population Census","Census","https://unstats.un.org/unsd/demographic-social/census/censusdates/","2020"
"369","Jersey","JEY",2011,"Complete","Population Census","Census","https://unstats.un.org/unsd/demographic-social/census/censusdates/","2010"
"370","Latvia","LVA",2011,"Complete","Population Census","Census","https://unstats.un.org/unsd/demographic-social/census/censusdates/","2010"
"371","Latvia","LVA",2021,"Planned","Population Census","Census","https://unstats.un.org/unsd/demographic-social/census/censusdates/","2020"
"372","Liechtenstein","LIE",2015,"Complete","Population Census","Census","https://unstats.un.org/unsd/demographic-social/census/censusdates/","2020"
"373","Liechtenstein","LIE",2010,"Complete","Population Census","Census","https://unstats.un.org/unsd/demographic-social/census/censusdates/","2010"
"374","Liechtenstein","LIE",2021,"Planned","Population Census","Census","https://unstats.un.org/unsd/demographic-social/census/censusdates/","2020"
"375","Lithuania","LTU",2011,"Complete","Population Census","Census","https://unstats.un.org/unsd/demographic-social/census/censusdates/","2010"
"376","Lithuania","LTU",2021,"Planned","Population Census","Census","https://unstats.un.org/unsd/demographic-social/census/censusdates/","2020"
"377","Luxembourg","LUX",2011,"Complete","Population Census","Census","https://unstats.un.org/unsd/demographic-social/census/censusdates/","2010"
"378","Luxembourg","LUX",2021,"Planned","Population Census","Census","https://unstats.un.org/unsd/demographic-social/census/censusdates/","2020"
"379","Malta","MLT",2005,"Complete","Population Census","Census","https://unstats.un.org/unsd/demographic-social/census/censusdates/","2010"
"380","Malta","MLT",2021,"Planned","Population Census","Census","https://unstats.un.org/unsd/demographic-social/census/censusdates/","2020"
"381","Malta","MLT",2011,"Complete","Population Census","Census","https://unstats.un.org/unsd/demographic-social/census/censusdates/","2010"
"382","Monaco","MCO",2008,"Complete","Population Census","Census","https://unstats.un.org/unsd/demographic-social/census/censusdates/","2010"
"383","Monaco","MCO",2016,"Complete","Population Census","Census","https://unstats.un.org/unsd/demographic-social/census/censusdates/","2020"
"384","Montenegro","MNE",2011,"Complete","Population Census","Census","https://unstats.un.org/unsd/demographic-social/census/censusdates/","2010"
"385","Montenegro","MNE",2021,"Planned","Population Census","Census","https://unstats.un.org/unsd/demographic-social/census/censusdates/","2020"
"386","Netherlands","NLD",2011,"Complete","Population Census","Census","https://unstats.un.org/unsd/demographic-social/census/censusdates/","2010"
"387","Netherlands","NLD",2021,"Planned","Population Census","Census","https://unstats.un.org/unsd/demographic-social/census/censusdates/","2020"
"388","North Macedonia","MKD",2021,"Planned","Population Census","Census","https://unstats.un.org/unsd/demographic-social/census/censusdates/","2020"
"389","Norway","NOR",2011,"Complete","Population Census","Census","https://unstats.un.org/unsd/demographic-social/census/censusdates/","2010"
"390","Norway","NOR",2021,"Planned","Population Census","Census","https://unstats.un.org/unsd/demographic-social/census/censusdates/","2020"
"391","Poland","POL",2011,"Complete","Population Census","Census","https://unstats.un.org/unsd/demographic-social/census/censusdates/","2010"
"392","Poland","POL",2021,"Planned","Population Census","Census","https://unstats.un.org/unsd/demographic-social/census/censusdates/","2020"
"393","Portugal","PRT",2011,"Complete","Population Census","Census","https://unstats.un.org/unsd/demographic-social/census/censusdates/","2010"
"394","Portugal","PRT",2021,"Planned","Population Census","Census","https://unstats.un.org/unsd/demographic-social/census/censusdates/","2020"
"395","Moldova","MDA",2014,"Complete","Population Census","Census","https://unstats.un.org/unsd/demographic-social/census/censusdates/","2010"
"396","Moldova","MDA",2023,"Planned","Population Census","Census","https://unstats.un.org/unsd/demographic-social/census/censusdates/","2020"
"397","Romania","ROU",2011,"Complete","Population Census","Census","https://unstats.un.org/unsd/demographic-social/census/censusdates/","2010"
"398","Romania","ROU",2022,"Planned","Population Census","Census","https://unstats.un.org/unsd/demographic-social/census/censusdates/","2020"
"399","Russian Federation","RUS",2010,"Complete","Population Census","Census","https://unstats.un.org/unsd/demographic-social/census/censusdates/","2010"
"400","Russian Federation","RUS",2021,"Planned","Population Census","Census","https://unstats.un.org/unsd/demographic-social/census/censusdates/","2020"
"401","San Marino","SMR",2010,"Complete","Population Census","Census","https://unstats.un.org/unsd/demographic-social/census/censusdates/","2010"
"402","San Marino","SMR",2021,"Planned","Population Census","Census","https://unstats.un.org/unsd/demographic-social/census/censusdates/","2020"
"403","Serbia","SRB",2011,"Complete","Population Census","Census","https://unstats.un.org/unsd/demographic-social/census/censusdates/","2010"
"404","Serbia","SRB",2021,"Planned","Population Census","Census","https://unstats.un.org/unsd/demographic-social/census/censusdates/","2020"
"405","Slovakia","SVK",2011,"Complete","Population Census","Census","https://unstats.un.org/unsd/demographic-social/census/censusdates/","2010"
"406","Slovakia","SVK",2021,"Planned","Population Census","Census","https://unstats.un.org/unsd/demographic-social/census/censusdates/","2020"
"407","Slovenia","SVN",2011,"Complete","Population Census","Census","https://unstats.un.org/unsd/demographic-social/census/censusdates/","2010"
"408","Slovenia","SVN",2015,"Complete","Population Census","Census","https://unstats.un.org/unsd/demographic-social/census/censusdates/","2020"
"409","Slovenia","SVN",2018,"Complete","Population Census","Census","https://unstats.un.org/unsd/demographic-social/census/censusdates/","2020"
"410","Slovenia","SVN",2021,"Planned","Population Census","Census","https://unstats.un.org/unsd/demographic-social/census/censusdates/","2020"
"411","Spain","ESP",2011,"Complete","Population Census","Census","https://unstats.un.org/unsd/demographic-social/census/censusdates/","2010"
"412","Spain","ESP",2021,"Planned","Population Census","Census","https://unstats.un.org/unsd/demographic-social/census/censusdates/","2020"
"413","Svalbard and Jan Mayen Islands","SJM",2011,"Complete","Population Census","Census","https://unstats.un.org/unsd/demographic-social/census/censusdates/","2010"
"414","Svalbard and Jan Mayen Islands","SJM",2021,"Planned","Population Census","Census","https://unstats.un.org/unsd/demographic-social/census/censusdates/","2020"
"415","Sweden","SWE",2011,"Complete","Population Census","Census","https://unstats.un.org/unsd/demographic-social/census/censusdates/","2010"
"416","Sweden","SWE",2021,"Planned","Population Census","Census","https://unstats.un.org/unsd/demographic-social/census/censusdates/","2020"
"417","Switzerland","CHE",2010,"Complete","Population Census","Census","https://unstats.un.org/unsd/demographic-social/census/censusdates/","2010"
"418","Switzerland","CHE",2021,"Planned","Population Census","Census","https://unstats.un.org/unsd/demographic-social/census/censusdates/","2020"
"419","Ukraine","UKR",2023,"Planned","Population Census","Census","https://unstats.un.org/unsd/demographic-social/census/censusdates/","2020"
"420","United Kingdom","GBR",2011,"Complete","Population Census","Census","https://unstats.un.org/unsd/demographic-social/census/censusdates/","2010"
"421","United Kingdom","GBR",2021,"Planned","Population Census","Census","https://unstats.un.org/unsd/demographic-social/census/censusdates/","2020"
"422","American Samoa","ASM",2010,"Complete","Population Census","Census","https://unstats.un.org/unsd/demographic-social/census/censusdates/","2010"
"423","American Samoa","ASM",2020,"Complete","Population Census","Census","https://unstats.un.org/unsd/demographic-social/census/censusdates/","2020"
"424","Australia","AUS",2006,"Complete","Population Census","Census","https://unstats.un.org/unsd/demographic-social/census/censusdates/","2010"
"425","Australia","AUS",2016,"Complete","Population Census","Census","https://unstats.un.org/unsd/demographic-social/census/censusdates/","2020"
"426","Australia","AUS",2011,"Complete","Population Census","Census","https://unstats.un.org/unsd/demographic-social/census/censusdates/","2010"
"427","Australia","AUS",2021,"Planned","Population Census","Census","https://unstats.un.org/unsd/demographic-social/census/censusdates/","2020"
"428","Cook Islands","COK",2006,"Complete","Population Census","Census","https://unstats.un.org/unsd/demographic-social/census/censusdates/","2010"
"429","Cook Islands","COK",2016,"Complete","Population Census","Census","https://unstats.un.org/unsd/demographic-social/census/censusdates/","2020"
"430","Cook Islands","COK",2011,"Complete","Population Census","Census","https://unstats.un.org/unsd/demographic-social/census/censusdates/","2010"
"431","Fiji","FJI",2007,"Complete","Population Census","Census","https://unstats.un.org/unsd/demographic-social/census/censusdates/","2010"
"432","Fiji","FJI",2017,"Complete","Population Census","Census","https://unstats.un.org/unsd/demographic-social/census/censusdates/","2020"
"433","French Polynesia","PYF",2007,"Complete","Population Census","Census","https://unstats.un.org/unsd/demographic-social/census/censusdates/","2010"
"434","French Polynesia","PYF",2017,"Complete","Population Census","Census","https://unstats.un.org/unsd/demographic-social/census/censusdates/","2020"
"435","French Polynesia","PYF",2012,"Complete","Population Census","Census","https://unstats.un.org/unsd/demographic-social/census/censusdates/","2010"
"436","Guam","GUM",2010,"Complete","Population Census","Census","https://unstats.un.org/unsd/demographic-social/census/censusdates/","2010"
"437","Guam","GUM",2020,"Complete","Population Census","Census","https://unstats.un.org/unsd/demographic-social/census/censusdates/","2020"
"438","Kiribati","KIR",2005,"Complete","Population Census","Census","https://unstats.un.org/unsd/demographic-social/census/censusdates/","2010"
"439","Kiribati","KIR",2015,"Complete","Population Census","Census","https://unstats.un.org/unsd/demographic-social/census/censusdates/","2020"
"440","Kiribati","KIR",2010,"Complete","Population Census","Census","https://unstats.un.org/unsd/demographic-social/census/censusdates/","2010"
"441","Marshall Islands","MHL",2011,"Complete","Population Census","Census","https://unstats.un.org/unsd/demographic-social/census/censusdates/","2010"
"442","Marshall Islands","MHL",2021,"Planned","Population Census","Census","https://unstats.un.org/unsd/demographic-social/census/censusdates/","2020"
"443","Micronesia, Fed. Sts.","FSM",2010,"Complete","Population Census","Census","https://unstats.un.org/unsd/demographic-social/census/censusdates/","2010"
"444","Micronesia, Fed. Sts.","FSM",2021,"Planned","Population Census","Census","https://unstats.un.org/unsd/demographic-social/census/censusdates/","2020"
"445","Nauru","NRU",2011,"Complete","Population Census","Census","https://unstats.un.org/unsd/demographic-social/census/censusdates/","2010"
"446","Nauru","NRU",2021,"Planned","Population Census","Census","https://unstats.un.org/unsd/demographic-social/census/censusdates/","2020"
"447","New Caledonia","NCL",2009,"Complete","Population Census","Census","https://unstats.un.org/unsd/demographic-social/census/censusdates/","2010"
"448","New Caledonia","NCL",2019,"Complete","Population Census","Census","https://unstats.un.org/unsd/demographic-social/census/censusdates/","2020"
"449","New Caledonia","NCL",2014,"Complete","Population Census","Census","https://unstats.un.org/unsd/demographic-social/census/censusdates/","2010"
"450","New Zealand","NZL",2006,"Complete","Population Census","Census","https://unstats.un.org/unsd/demographic-social/census/censusdates/","2010"
"451","New Zealand","NZL",2018,"Complete","Population Census","Census","https://unstats.un.org/unsd/demographic-social/census/censusdates/","2020"
"452","New Zealand","NZL",2013,"Complete","Population Census","Census","https://unstats.un.org/unsd/demographic-social/census/censusdates/","2010"
"453","Niue","NIU",2006,"Complete","Population Census","Census","https://unstats.un.org/unsd/demographic-social/census/censusdates/","2010"
"454","Niue","NIU",2017,"Complete","Population Census","Census","https://unstats.un.org/unsd/demographic-social/census/censusdates/","2020"
"455","Niue","NIU",2011,"Complete","Population Census","Census","https://unstats.un.org/unsd/demographic-social/census/censusdates/","2010"
"456","Niue","NIU",2021,"Planned","Population Census","Census","https://unstats.un.org/unsd/demographic-social/census/censusdates/","2020"
"457","Norfolk Island","NFK",2006,"Complete","Population Census","Census","https://unstats.un.org/unsd/demographic-social/census/censusdates/","2010"
"458","Norfolk Island","NFK",2016,"Complete","Population Census","Census","https://unstats.un.org/unsd/demographic-social/census/censusdates/","2020"
"459","Norfolk Island","NFK",2011,"Complete","Population Census","Census","https://unstats.un.org/unsd/demographic-social/census/censusdates/","2010"
"460","Northern Mariana Islands","MNP",2010,"Complete","Population Census","Census","https://unstats.un.org/unsd/demographic-social/census/censusdates/","2010"
"461","Northern Mariana Islands","MNP",2020,"Complete","Population Census","Census","https://unstats.un.org/unsd/demographic-social/census/censusdates/","2020"
"462","Palau","PLW",2005,"Complete","Population Census","Census","https://unstats.un.org/unsd/demographic-social/census/censusdates/","2010"
"463","Palau","PLW",2015,"Complete","Population Census","Census","https://unstats.un.org/unsd/demographic-social/census/censusdates/","2020"
"464","Palau","PLW",2010,"Complete","Population Census","Census","https://unstats.un.org/unsd/demographic-social/census/censusdates/","2010"
"465","Palau","PLW",2012,"Complete","Population Census","Census","https://unstats.un.org/unsd/demographic-social/census/censusdates/","2010"
"466","Papua New Guinea","PNG",2011,"Complete","Population Census","Census","https://unstats.un.org/unsd/demographic-social/census/censusdates/","2010"
"467","Papua New Guinea","PNG",2021,"Planned","Population Census","Census","https://unstats.un.org/unsd/demographic-social/census/censusdates/","2020"
"468","Pitcairn","PCN",2007,"Complete","Population Census","Census","https://unstats.un.org/unsd/demographic-social/census/censusdates/","2010"
"469","Pitcairn","PCN",2015,"Complete","Population Census","Census","https://unstats.un.org/unsd/demographic-social/census/censusdates/","2020"
"470","Samoa","WSM",2006,"Complete","Population Census","Census","https://unstats.un.org/unsd/demographic-social/census/censusdates/","2010"
"471","Samoa","WSM",2016,"Complete","Population Census","Census","https://unstats.un.org/unsd/demographic-social/census/censusdates/","2020"
"472","Samoa","WSM",2011,"Complete","Population Census","Census","https://unstats.un.org/unsd/demographic-social/census/censusdates/","2010"
"473","Samoa","WSM",2021,"Planned","Population Census","Census","https://unstats.un.org/unsd/demographic-social/census/censusdates/","2020"
"474","Solomon Islands","SLB",2009,"Complete","Population Census","Census","https://unstats.un.org/unsd/demographic-social/census/censusdates/","2010"
"475","Solomon Islands","SLB",2019,"Complete","Population Census","Census","https://unstats.un.org/unsd/demographic-social/census/censusdates/","2020"
"476","Tokelau","TKL",2006,"Complete","Population Census","Census","https://unstats.un.org/unsd/demographic-social/census/censusdates/","2010"
"477","Tokelau","TKL",2016,"Complete","Population Census","Census","https://unstats.un.org/unsd/demographic-social/census/censusdates/","2020"
"478","Tokelau","TKL",2011,"Complete","Population Census","Census","https://unstats.un.org/unsd/demographic-social/census/censusdates/","2010"
"479","Tokelau","TKL",2021,"Planned","Population Census","Census","https://unstats.un.org/unsd/demographic-social/census/censusdates/","2020"
"480","Tonga","TON",2006,"Complete","Population Census","Census","https://unstats.un.org/unsd/demographic-social/census/censusdates/","2010"
"481","Tonga","TON",2016,"Complete","Population Census","Census","https://unstats.un.org/unsd/demographic-social/census/censusdates/","2020"
"482","Tonga","TON",2021,"Planned","Population Census","Census","https://unstats.un.org/unsd/demographic-social/census/censusdates/","2020"
"483","Tuvalu","TUV",2012,"Complete","Population Census","Census","https://unstats.un.org/unsd/demographic-social/census/censusdates/","2010"
"484","Tuvalu","TUV",2022,"Planned","Population Census","Census","https://unstats.un.org/unsd/demographic-social/census/censusdates/","2020"
"485","Vanuatu","VUT",2009,"Complete","Population Census","Census","https://unstats.un.org/unsd/demographic-social/census/censusdates/","2010"
"486","Vanuatu","VUT",2016,"Complete","Population Census","Census","https://unstats.un.org/unsd/demographic-social/census/censusdates/","2020"
"487","Vanuatu","VUT",2020,"Complete","Population Census","Census","https://unstats.un.org/unsd/demographic-social/census/censusdates/","2020"
"488","Wallis and Futuna","WLF",2008,"Complete","Population Census","Census","https://unstats.un.org/unsd/demographic-social/census/censusdates/","2010"
"489","Wallis and Futuna","WLF",2018,"Complete","Population Census","Census","https://unstats.un.org/unsd/demographic-social/census/censusdates/","2020"
"490","Wallis and Futuna","WLF",2013,"Complete","Population Census","Census","https://unstats.un.org/unsd/demographic-social/census/censusdates/","2010"
