"","country","iso3c","year","instrument_name","instrument_type","status","source","international_classifications","topics_covered"
"1","Afghanistan","AFG",2021,"Labour force survey","Labor Force Survey","Completed","https://ilostat.ilo.org/data/national-sources-catalogue/","Education (ISCED-11) | Status in employment (ICSE-93) | Economic activity (ISIC-Rev.4) | Occupation (ISCO-08)","Working-age population | Labour force | Employment | Time-related underemployment | Employees | Unemployment | Labour underutilization | Equality and diversity | Persons outside the labour force and NEET | Working time | Earnings | SDG"
"2","Albania","ALB",2021,"Labour force survey","Labor Force Survey","Completed","https://ilostat.ilo.org/data/national-sources-catalogue/","Education (ISCED-11) | Status in employment (ICSE-93) | Economic activity (ISIC-Rev.4) | Occupation (ISCO-08)","Working-age population | Labour force | Employment | Time-related underemployment | Employees | Unemployment | Labour underutilization | Equality and diversity | Persons outside the labour force and NEET | Working time | International migrant stock | SDG"
"3","Algeria","DZA",2017,"Labour force survey","Labor Force Survey","Completed","https://ilostat.ilo.org/data/national-sources-catalogue/","Education (ISCED-97) | Status in employment (ICSE-93) | Economic activity (ISIC-Rev.4) | Occupation (ISCO-08)","Working-age population | Labour force | Employment | Time-related underemployment | Employees | Unemployment | Labour underutilization | Persons outside the labour force and NEET | Working time | SDG"
"4","Angola","AGO",2021,"Labour force survey","Labor Force Survey","Completed","https://ilostat.ilo.org/data/national-sources-catalogue/","Education (ISCED-11) | Status in employment (ICSE-93) | Economic activity (ISIC-Rev.4) | Occupation (ISCO-08)","Working-age population | Labour force | Employment | Time-related underemployment | Employees | Unemployment | Labour underutilization | Equality and diversity | Persons outside the labour force and NEET | Working time | Earnings | International migrant stock | SDG"
"5","Argentina","ARG",2022,"Labour force survey","Labor Force Survey","Completed","https://ilostat.ilo.org/data/national-sources-catalogue/","Education (ISCED-97) | Status in employment (ICSE-93) | Economic activity (ISIC-Rev.4) | Occupation (ISCO-08)","Working-age population | Labour force | Employment | Time-related underemployment | Employees | Unemployment | Labour underutilization | Equality and diversity | Persons outside the labour force and NEET | Working time | Earnings | Public sector employment | International migrant stock | SDG"
"6","Armenia","ARM",2021,"Labour force survey","Labor Force Survey","Completed","https://ilostat.ilo.org/data/national-sources-catalogue/","Education (ISCED-11) | Status in employment (ICSE-93) | Economic activity (ISIC-Rev.4) | Occupation (ISCO-08)","Working-age population | Labour force | Employment | Time-related underemployment | Employees | Unemployment | Labour underutilization | Equality and diversity | Persons outside the labour force and NEET | Working time | Earnings | Industrial and labour relations | International migrant stock | International migrant flow | Nationals abroad | SDG"
"7","Aruba","ABW",2014,"Labour force survey","Labor Force Survey","Completed","https://ilostat.ilo.org/data/national-sources-catalogue/","Economic activity (ISIC-Rev.3.1) | Occupation (ISCO-88)","Working-age population | Labour force | Employment | Employees | Unemployment | Persons outside the labour force and NEET | SDG"
"8","Australia","AUS",2018,"Labour force survey","Labor Force Survey","Completed","https://ilostat.ilo.org/data/national-sources-catalogue/","Education (ISCED-11) | Status in employment (ICSE-93) | Economic activity (ISIC-Rev.4) | Occupation (ISCO-08)","Working-age population | Labour force | Employment | Time-related underemployment | Employees | Unemployment | Labour underutilization | Persons outside the labour force and NEET | Working time | Earnings | Industrial and labour relations | International migrant stock | SDG"
"9","Azerbaijan","AZE",2021,"Labour force survey","Labor Force Survey","Completed","https://ilostat.ilo.org/data/national-sources-catalogue/","Status in employment (ICSE-93) | Economic activity (ISIC-Rev.4) | Occupation (ISCO-08)","Working-age population | Labour force | Employment | Time-related underemployment | Unemployment | Labour underutilization | Persons outside the labour force and NEET | Working time | SDG"
"10","Bahamas","BHS",2018,"Labour force survey","Labor Force Survey","Completed","https://ilostat.ilo.org/data/national-sources-catalogue/","Status in employment (ICSE-93) | Occupation (ISCO-88)","Working-age population | Labour force | Employment | Unemployment | Persons outside the labour force and NEET | SDG"
"11","Bahrain","BHR",2015,"Official estimate","Labor Force Survey","Completed","https://ilostat.ilo.org/data/national-sources-catalogue/","Status in employment (ICSE-93) | Economic activity (ISIC-Rev.4) | Occupation (ISCO-08)","Working-age population | Labour force | Employment | Employees | Unemployment | Persons outside the labour force and NEET | International migrant stock | SDG"
"12","Bangladesh","BGD",2017,"Labour force survey","Labor Force Survey","Completed","https://ilostat.ilo.org/data/national-sources-catalogue/","Education (ISCED-11) | Status in employment (ICSE-93) | Economic activity (ISIC-Rev.4) | Occupation (ISCO-08)","Working-age population | Labour force | Employment | Time-related underemployment | Employees | Unemployment | Labour underutilization | Equality and diversity | Persons outside the labour force and NEET | Working time | Earnings | International migrant stock | SDG"
"13","Barbados","BRB",2019,"Labour force survey","Labor Force Survey","Completed","https://ilostat.ilo.org/data/national-sources-catalogue/","Education (ISCED-97) | Status in employment (ICSE-93) | Economic activity (ISIC-Rev.4) | Occupation (ISCO-08)","Working-age population | Labour force | Employment | Time-related underemployment | Employees | Unemployment | Labour underutilization | Persons outside the labour force and NEET | International migrant stock | SDG"
"14","Belarus","BLR",2021,"Labour force survey","Labor Force Survey","Completed","https://ilostat.ilo.org/data/national-sources-catalogue/","Status in employment (ICSE-93) | Economic activity (ISIC-Rev.4) | Occupation (ISCO-08)","Working-age population | Labour force | Employment | Time-related underemployment | Employees | Unemployment | Labour underutilization | Persons outside the labour force and NEET | Working time | International migrant stock | SDG"
"15","Belarus","BLR",2015,"Official estimate","Labor Force Survey","Completed","https://ilostat.ilo.org/data/national-sources-catalogue/","Economic activity (ISIC-Rev.3.1) | Occupation (ISCO-88)","Labour force | Employment | Unemployment | Persons outside the labour force and NEET | SDG"
"16","Belgium","BEL",2021,"Labour force survey","Labor Force Survey","Completed","https://ilostat.ilo.org/data/national-sources-catalogue/","Education (ISCED-11) | Status in employment (ICSE-93) | Economic activity (ISIC-Rev.4) | Occupation (ISCO-08)","Working-age population | Labour force | Employment | Time-related underemployment | Employees | Unemployment | Labour underutilization | Equality and diversity | Persons outside the labour force and NEET | Working time | International migrant stock | International migrant flow | SDG"
"17","Belize","BLZ",2021,"Labour force survey","Labor Force Survey","Completed","https://ilostat.ilo.org/data/national-sources-catalogue/","Education (ISCED-11) | Status in employment (ICSE-93) | Economic activity (ISIC-Rev.4) | Occupation (ISCO-08)","Working-age population | Labour force | Employment | Time-related underemployment | Employees | Unemployment | Labour underutilization | Equality and diversity | Persons outside the labour force and NEET | Working time | Earnings | Public sector employment | International migrant stock | SDG"
"18","Bermuda","BMU",2014,"Labour force survey","Labor Force Survey","Completed","https://ilostat.ilo.org/data/national-sources-catalogue/","Status in employment (ICSE-93) | Economic activity (ISIC-Rev.3.1) | Occupation (ISCO-88)","Working-age population | Labour force | Employment | Time-related underemployment | Employees | Unemployment | Labour underutilization | Persons outside the labour force and NEET | Earnings | SDG"
"19","Bhutan","BTN",2022,"Labour force survey","Labor Force Survey","Completed","https://ilostat.ilo.org/data/national-sources-catalogue/","Education (ISCED-11) | Status in employment (ICSE-93) | Economic activity (ISIC-Rev.4) | Occupation (ISCO-08)","Working-age population | Labour force | Employment | Time-related underemployment | Employees | Unemployment | Labour underutilization | Equality and diversity | Persons outside the labour force and NEET | Working time | Earnings | International migrant stock | SDG"
"20","Bolivia","BOL",2022,"Labour force survey","Labor Force Survey","Completed","https://ilostat.ilo.org/data/national-sources-catalogue/","Education (ISCED-11) | Status in employment (ICSE-93) | Economic activity (ISIC-Rev.4) | Occupation (ISCO-08)","Working-age population | Labour force | Employment | Time-related underemployment | Employees | Unemployment | Labour underutilization | Persons outside the labour force and NEET | Working time | Earnings | International migrant stock | SDG"
"21","Bosnia and Herzegovina","BIH",2022,"Labour force survey","Labor Force Survey","Completed","https://ilostat.ilo.org/data/national-sources-catalogue/","Education (ISCED-11) | Status in employment (ICSE-93) | Economic activity (ISIC-Rev.4) | Occupation (ISCO-08)","Working-age population | Labour force | Employment | Time-related underemployment | Employees | Unemployment | Labour underutilization | Equality and diversity | Persons outside the labour force and NEET | Working time | Earnings | International migrant stock | SDG"
"22","Botswana","BWA",2013,"Other household survey","Labor Force Survey","Completed","https://ilostat.ilo.org/data/national-sources-catalogue/","Education (ISCED-11) | Status in employment (ICSE-93) | Economic activity (ISIC-Rev.4) | Occupation (ISCO-08)","Working-age population | Labour force | Employment | Time-related underemployment | Employees | Unemployment | Labour underutilization | Equality and diversity | Persons outside the labour force and NEET | Working time | Earnings | Public sector employment | International migrant stock | SDG"
"23","Botswana","BWA",2020,"Other household survey","Labor Force Survey","Completed","https://ilostat.ilo.org/data/national-sources-catalogue/","Education (ISCED-11) | Status in employment (ICSE-93) | Economic activity (ISIC-Rev.4) | Occupation (ISCO-08)","Working-age population | Labour force | Employment | Time-related underemployment | Employees | Unemployment | Labour underutilization | Equality and diversity | Persons outside the labour force and NEET | Working time | Earnings"
"24","Brazil","BRA",2022,"Other household survey","Labor Force Survey","Completed","https://ilostat.ilo.org/data/national-sources-catalogue/","Education (ISCED-97) | Status in employment (ICSE-93) | Economic activity (ISIC-Rev.4) | Occupation (ISCO-08)","Working-age population | Labour force | Employment | Time-related underemployment | Employees | Unemployment | Labour underutilization | Equality and diversity | Persons outside the labour force and NEET | Working time | Earnings"
"25","Brazil","BRA",2021,"Other household survey","Labor Force Survey","Completed","https://ilostat.ilo.org/data/national-sources-catalogue/","Education (ISCED-97) | Status in employment (ICSE-93) | Economic activity (ISIC-Rev.4) | Occupation (ISCO-08)","Working-age population | Labour force | Employment | Time-related underemployment | Employees | Unemployment | Labour underutilization | Equality and diversity | Persons outside the labour force and NEET | Working time | Earnings | Public sector employment | Industrial and labour relations | International migrant stock | Child labour | SDG"
"26","Brunei Darussalam","BRN",2021,"Labour force survey","Labor Force Survey","Completed","https://ilostat.ilo.org/data/national-sources-catalogue/","Education (ISCED-11) | Status in employment (ICSE-93) | Economic activity (ISIC-Rev.4) | Occupation (ISCO-08)","Working-age population | Labour force | Employment | Time-related underemployment | Employees | Unemployment | Labour underutilization | Equality and diversity | Persons outside the labour force and NEET | Working time | Earnings | Public sector employment | International migrant stock | SDG"
"27","Burkina Faso","BFA",2015,"Labour force survey","Labor Force Survey","Completed","https://ilostat.ilo.org/data/national-sources-catalogue/","Education (ISCED-11) | Status in employment (ICSE-93) | Economic activity (ISIC-Rev.4) | Occupation (ISCO-08)","Working-age population | Labour force | Employment | Time-related underemployment | Employees | Unemployment | Labour underutilization | Persons outside the labour force and NEET | Working time | Earnings | Public sector employment | Industrial and labour relations | International migrant stock | SDG"
"28","Burkina Faso","BFA",2019,"Other household survey","Labor Force Survey","Completed","https://ilostat.ilo.org/data/national-sources-catalogue/","Status in employment (ICSE-93) | Occupation (ISCO-08)","Working-age population | Labour force | Employment | Time-related underemployment | Employees | Unemployment | Persons outside the labour force and NEET | Child labour | SDG"
"29","Cabo Verde","CPV",2020,"Labour force survey","Labor Force Survey","Completed","https://ilostat.ilo.org/data/national-sources-catalogue/","Education (ISCED-11) | Status in employment (ICSE-93) | Economic activity (ISIC-Rev.4) | Occupation (ISCO-08)","Working-age population | Labour force | Employment | Time-related underemployment | Employees | Unemployment | Labour underutilization | Equality and diversity | Persons outside the labour force and NEET | Working time | Earnings | Public sector employment | Industrial and labour relations | International migrant stock | International migrant flow | SDG"
"30","Cambodia","KHM",2019,"Labour force survey","Labor Force Survey","Completed","https://ilostat.ilo.org/data/national-sources-catalogue/","Education (ISCED-11) | Status in employment (ICSE-93) | Economic activity (ISIC-Rev.4) | Occupation (ISCO-08)","Working-age population | Labour force | Employment | Time-related underemployment | Employees | Unemployment | Labour underutilization | Equality and diversity | Persons outside the labour force and NEET | Working time | Earnings | Industrial and labour relations | International migrant stock | International migrant flow | Child labour | SDG"
"31","Cameroon","CMR",2014,"Other household survey","Labor Force Survey","Completed","https://ilostat.ilo.org/data/national-sources-catalogue/","Education (ISCED-11) | Status in employment (ICSE-93) | Economic activity (ISIC-Rev.4) | Occupation (ISCO-08)","Working-age population | Labour force | Employment | Time-related underemployment | Employees | Unemployment | Labour underutilization | Persons outside the labour force and NEET | Working time | Earnings | International migrant stock | Nationals abroad | Child labour | SDG"
"32","Cayman Islands","CYM",2015,"Labour force survey","Labor Force Survey","Completed","https://ilostat.ilo.org/data/national-sources-catalogue/","Education (ISCED-97) | Status in employment (ICSE-93) | Economic activity (ISIC-Rev.4) | Occupation (ISCO-08)","Working-age population | Labour force | Employment | Time-related underemployment | Employees | Unemployment | Labour underutilization | Persons outside the labour force and NEET | Working time | SDG"
"33","Chile","CHL",2021,"Other household survey","Labor Force Survey","Completed","https://ilostat.ilo.org/data/national-sources-catalogue/","Status in employment (ICSE-93) | Economic activity (ISIC-Rev.4) | Occupation (ISCO-08)","Working-age population | Labour force | Employment | Time-related underemployment | Employees | Unemployment | Labour underutilization | Equality and diversity | Persons outside the labour force and NEET | Working time | Earnings | International migrant stock | SDG"
"34","China","CHN",2021,"Labour force survey","Labor Force Survey","Completed","https://ilostat.ilo.org/data/national-sources-catalogue/",NA,"Labour force | Employment | Unemployment | SDG"
"35","China","CHN",2019,"Official estimate","Labor Force Survey","Completed","https://ilostat.ilo.org/data/national-sources-catalogue/","Status in employment (ICSE-93) | Economic activity (ISIC-Rev.4) | Occupation (ISCO-08)","Working-age population | Labour force | Employment | Employees | Persons outside the labour force and NEET | Working time"
"36","Colombia","COL",2013,"Other household survey","Labor Force Survey","Completed","https://ilostat.ilo.org/data/national-sources-catalogue/",NA,"Working-age population | Labour force | Employment | Unemployment | Persons outside the labour force and NEET"
"37","Comoros","COM",2021,"Labour force survey","Labor Force Survey","Completed","https://ilostat.ilo.org/data/national-sources-catalogue/","Education (ISCED-11) | Status in employment (ICSE-93) | Economic activity (ISIC-Rev.4) | Occupation (ISCO-08)","Working-age population | Labour force | Employment | Time-related underemployment | Employees | Unemployment | Labour underutilization | Equality and diversity | Persons outside the labour force and NEET | Working time | Earnings | Industrial and labour relations | International migrant stock | SDG"
"38","Congo","COG",2022,"Other household survey","Labor Force Survey","Completed","https://ilostat.ilo.org/data/national-sources-catalogue/","Status in employment (ICSE-93) | Occupation (ISCO-08)","Working-age population | Labour force | Employment | Time-related underemployment | Employees | Unemployment | Persons outside the labour force and NEET | Child labour | SDG"
"39","Cook Islands","COK",2019,"Labour force survey","Labor Force Survey","Completed","https://ilostat.ilo.org/data/national-sources-catalogue/","Education (ISCED-11) | Status in employment (ICSE-93) | Economic activity (ISIC-Rev.4) | Occupation (ISCO-08)","Working-age population | Labour force | Employment | Time-related underemployment | Employees | Unemployment | Labour underutilization | Persons outside the labour force and NEET | Working time | Earnings | International migrant stock | SDG"
"40","Costa Rica","CRI",2022,"Other household survey","Labor Force Survey","Completed","https://ilostat.ilo.org/data/national-sources-catalogue/","Education (ISCED-97) | Status in employment (ICSE-93) | Economic activity (ISIC-Rev.4) | Occupation (ISCO-08)","Working-age population | Labour force | Employment | Time-related underemployment | Employees | Unemployment | Labour underutilization | Equality and diversity | Persons outside the labour force and NEET | Working time | Earnings | Labour cost | Public sector employment | Industrial and labour relations | International migrant stock | Child labour | SDG"
"41","Cuba","CUB",2018,"Labour force survey","Labor Force Survey","Completed","https://ilostat.ilo.org/data/national-sources-catalogue/","Education (ISCED-97) | Status in employment (ICSE-93) | Economic activity (ISIC-Rev.4) | Occupation (ISCO-08)","Working-age population | Labour force | Employment | Employees | Unemployment | Persons outside the labour force and NEET | Working time | Earnings | SDG"
"42","Curaçao","CUW",2020,"Labour force survey","Labor Force Survey","Completed","https://ilostat.ilo.org/data/national-sources-catalogue/","Education (ISCED-11) | Status in employment (ICSE-93) | Economic activity (ISIC-Rev.4) | Occupation (ISCO-08)","Working-age population | Labour force | Employment | Time-related underemployment | Employees | Unemployment | Labour underutilization | Persons outside the labour force and NEET | Working time | Earnings | Public sector employment | Industrial and labour relations | SDG"
"43","Côte d'Ivoire","CIV",2017,"Labour force survey","Labor Force Survey","Completed","https://ilostat.ilo.org/data/national-sources-catalogue/","Education (ISCED-11) | Status in employment (ICSE-93) | Economic activity (ISIC-Rev.4) | Occupation (ISCO-08)","Working-age population | Labour force | Employment | Time-related underemployment | Employees | Unemployment | Labour underutilization | Equality and diversity | Persons outside the labour force and NEET | Working time | Earnings | Industrial and labour relations | International migrant stock | SDG"
"44","Djibouti","DJI",2017,"Other household survey","Labor Force Survey","Completed","https://ilostat.ilo.org/data/national-sources-catalogue/","Education (ISCED-11) | Status in employment (ICSE-93) | Occupation (ISCO-08)","Working-age population | Labour force | Employment | Employees | Unemployment | Labour underutilization | Equality and diversity | Persons outside the labour force and NEET | Working time | Earnings | International migrant stock | SDG"
"45","Dominican Republic","DOM",2022,"Labour force survey","Labor Force Survey","Completed","https://ilostat.ilo.org/data/national-sources-catalogue/","Education (ISCED-11) | Status in employment (ICSE-93) | Economic activity (ISIC-Rev.4) | Occupation (ISCO-08)","Working-age population | Labour force | Employment | Time-related underemployment | Employees | Unemployment | Labour underutilization | Equality and diversity | Persons outside the labour force and NEET | Working time | Earnings | Industrial and labour relations | International migrant stock | SDG"
"46","Egypt","EGY",2021,"Labour force survey","Labor Force Survey","Completed","https://ilostat.ilo.org/data/national-sources-catalogue/","Education (ISCED-11) | Status in employment (ICSE-93) | Economic activity (ISIC-Rev.4) | Occupation (ISCO-08)","Working-age population | Labour force | Employment | Time-related underemployment | Employees | Unemployment | Labour underutilization | Equality and diversity | Persons outside the labour force and NEET | Working time | Earnings | Public sector employment | Industrial and labour relations | International migrant stock | SDG"
"47","El Salvador","SLV",2022,"Other household survey","Labor Force Survey","Completed","https://ilostat.ilo.org/data/national-sources-catalogue/","Education (ISCED-97) | Status in employment (ICSE-93) | Economic activity (ISIC-Rev.4) | Occupation (ISCO-08)","Working-age population | Labour force | Employment | Time-related underemployment | Employees | Unemployment | Labour underutilization | Equality and diversity | Persons outside the labour force and NEET | Working time | Earnings | Strikes and lockouts | Child labour | SDG"
"48","Eswatini","SWZ",2021,"Labour force survey","Labor Force Survey","Completed","https://ilostat.ilo.org/data/national-sources-catalogue/","Education (ISCED-11) | Status in employment (ICSE-93) | Economic activity (ISIC-Rev.4) | Occupation (ISCO-08)","Working-age population | Labour force | Employment | Time-related underemployment | Employees | Unemployment | Labour underutilization | Equality and diversity | Persons outside the labour force and NEET | Working time | Earnings | Industrial and labour relations | International migrant stock | SDG"
"49","Ethiopia","ETH",2021,"Labour force survey","Labor Force Survey","Completed","https://ilostat.ilo.org/data/national-sources-catalogue/","Education (ISCED-11) | Status in employment (ICSE-93) | Economic activity (ISIC-Rev.4) | Occupation (ISCO-08)","Working-age population | Labour force | Employment | Time-related underemployment | Employees | Unemployment | Labour underutilization | Equality and diversity | Persons outside the labour force and NEET | Working time | Earnings | International migrant stock | SDG"
"50","Faeroe Islands","FRO",2013,"Labour force survey","Labor Force Survey","Completed","https://ilostat.ilo.org/data/national-sources-catalogue/",NA,"Working-age population | Labour force | Employment | Unemployment | SDG"
"51","Fiji","FJI",2016,"Labour force survey","Labor Force Survey","Completed","https://ilostat.ilo.org/data/national-sources-catalogue/","Education (ISCED-97) | Status in employment (ICSE-93) | Economic activity (ISIC-Rev.4) | Occupation (ISCO-08)","Working-age population | Labour force | Employment | Employees | Unemployment | Labour underutilization | Equality and diversity | Persons outside the labour force and NEET | Earnings | Industrial and labour relations | International migrant stock | SDG"
"52","French Guiana","GUF",2016,"Labour force survey","Labor Force Survey","Completed","https://ilostat.ilo.org/data/national-sources-catalogue/",NA,"Working-age population | Labour force | Employment | Employees | Unemployment | Persons outside the labour force and NEET | SDG"
"53","Gambia","GMB",2018,"Labour force survey","Labor Force Survey","Completed","https://ilostat.ilo.org/data/national-sources-catalogue/","Education (ISCED-11) | Status in employment (ICSE-93) | Economic activity (ISIC-Rev.4) | Occupation (ISCO-08)","Working-age population | Labour force | Employment | Time-related underemployment | Employees | Unemployment | Labour underutilization | Equality and diversity | Persons outside the labour force and NEET | Working time | Earnings | Industrial and labour relations | International migrant stock | SDG"
"54","Georgia","GEO",2016,"Other household survey","Labor Force Survey","Completed","https://ilostat.ilo.org/data/national-sources-catalogue/","Education (ISCED-11) | Status in employment (ICSE-93) | Economic activity (ISIC-Rev.3.1) | Occupation (ISCO-08)","Working-age population | Labour force | Employment | Employees | Unemployment | Persons outside the labour force and NEET | International migrant stock | SDG"
"55","Georgia","GEO",2022,"Labour force survey","Labor Force Survey","Completed","https://ilostat.ilo.org/data/national-sources-catalogue/","Education (ISCED-11) | Status in employment (ICSE-93) | Economic activity (ISIC-Rev.4) | Occupation (ISCO-08)","Working-age population | Labour force | Employment | Time-related underemployment | Employees | Unemployment | Labour underutilization | Persons outside the labour force and NEET | Working time | Public sector employment | International migrant stock | SDG"
"56","Germany","DEU",2021,"Labour force survey","Labor Force Survey","Completed","https://ilostat.ilo.org/data/national-sources-catalogue/","Education (ISCED-11) | Status in employment (ICSE-93) | Economic activity (ISIC-Rev.4) | Occupation (ISCO-08)","Working-age population | Labour force | Employment | Time-related underemployment | Employees | Unemployment | Labour underutilization | Equality and diversity | Persons outside the labour force and NEET | Working time | International migrant stock | International migrant flow | SDG"
"57","Ghana","GHA",2015,"Labour force survey","Labor Force Survey","Completed","https://ilostat.ilo.org/data/national-sources-catalogue/","Education (ISCED-11) | Status in employment (ICSE-93) | Economic activity (ISIC-Rev.4) | Occupation (ISCO-08)","Working-age population | Labour force | Employment | Time-related underemployment | Employees | Unemployment | Labour underutilization | Persons outside the labour force and NEET | Working time | Earnings | International migrant stock | SDG"
"58","Greenland","GRL",2015,"Other administrative records and related sources","Labor Force Survey","Completed","https://ilostat.ilo.org/data/national-sources-catalogue/","Economic activity (ISIC-Rev.4)","Working-age population | Labour force | Employment | Unemployment | Persons outside the labour force and NEET"
"59","Grenada","GRD",2015,"Labour force survey","Labor Force Survey","Completed","https://ilostat.ilo.org/data/national-sources-catalogue/",NA,"Working-age population | Labour force | Employment | Unemployment | Persons outside the labour force and NEET | SDG"
"60","Guadeloupe","GLP",2016,"Labour force survey","Labor Force Survey","Completed","https://ilostat.ilo.org/data/national-sources-catalogue/",NA,"Working-age population | Labour force | Employment | Employees | Unemployment | Persons outside the labour force and NEET | SDG"
"61","Guam","GUM",2016,"Labour force survey","Labor Force Survey","Completed","https://ilostat.ilo.org/data/national-sources-catalogue/",NA,"Working-age population | Labour force | Employment | Unemployment | Persons outside the labour force and NEET | SDG"
"62","Guatemala","GTM",2022,"Labour force survey","Labor Force Survey","Completed","https://ilostat.ilo.org/data/national-sources-catalogue/","Education (ISCED-97) | Status in employment (ICSE-93) | Economic activity (ISIC-Rev.4) | Occupation (ISCO-08)","Working-age population | Labour force | Employment | Time-related underemployment | Employees | Unemployment | Labour underutilization | Equality and diversity | Persons outside the labour force and NEET | Working time | Earnings | Public sector employment | Industrial and labour relations | International migrant stock | Child labour | SDG"
"63","Guernsey","GGY",2016,"Other administrative records and related sources","Labor Force Survey","Completed","https://ilostat.ilo.org/data/national-sources-catalogue/","Economic activity (ISIC-Rev.4)","Working-age population | Labour force | Employment | Employees | Unemployment | Persons outside the labour force and NEET | Earnings | Public sector employment"
"64","Guinea","GIN",2019,"Labour force survey","Labor Force Survey","Completed","https://ilostat.ilo.org/data/national-sources-catalogue/","Education (ISCED-11) | Status in employment (ICSE-93) | Occupation (ISCO-08)","Working-age population | Labour force | Employment | Employees | Unemployment | Labour underutilization | Persons outside the labour force and NEET | Earnings | International migrant stock | International migrant flow | Nationals abroad | SDG"
"65","Guyana","GUY",2019,"Labour force survey","Labor Force Survey","Completed","https://ilostat.ilo.org/data/national-sources-catalogue/","Education (ISCED-11) | Status in employment (ICSE-93) | Economic activity (ISIC-Rev.4) | Occupation (ISCO-08)","Working-age population | Labour force | Employment | Time-related underemployment | Employees | Unemployment | Labour underutilization | Equality and diversity | Persons outside the labour force and NEET | Working time | Earnings | Industrial and labour relations | International migrant stock | SDG"
"66","Guyana","GUY",2021,"Labour force survey","Labor Force Survey","Completed","https://ilostat.ilo.org/data/national-sources-catalogue/","Education (ISCED-11) | Status in employment (ICSE-93) | Economic activity (ISIC-Rev.4) | Occupation (ISCO-08)","Working-age population | Labour force | Employment | Time-related underemployment | Employees | Unemployment | Labour underutilization | Equality and diversity | Persons outside the labour force and NEET | Working time | Earnings | Industrial and labour relations | International migrant stock | SDG"
"67","Honduras","HND",2020,"Other household survey","Labor Force Survey","Completed","https://ilostat.ilo.org/data/national-sources-catalogue/","Education (ISCED-11) | Status in employment (ICSE-93) | Economic activity (ISIC-Rev.4) | Occupation (ISCO-08)","Working-age population | Labour force | Employment | Time-related underemployment | Employees | Unemployment | Labour underutilization | Equality and diversity | Persons outside the labour force and NEET | Working time | Earnings | Industrial and labour relations | International migrant stock | Child labour | SDG"
"68","Hong Kong, China","HKG",2022,"Labour force survey","Labor Force Survey","Completed","https://ilostat.ilo.org/data/national-sources-catalogue/","Status in employment (ICSE-93) | Economic activity (ISIC-Rev.4) | Occupation (ISCO-08)","Working-age population | Labour force | Employment | Time-related underemployment | Employees | Unemployment | Labour underutilization | Persons outside the labour force and NEET | Working time | Earnings | SDG"
"69","India","IND",2022,"Labour force survey","Labor Force Survey","Completed","https://ilostat.ilo.org/data/national-sources-catalogue/","Education (ISCED-97) | Status in employment (ICSE-93) | Economic activity (ISIC-Rev.4) | Occupation (ISCO-08)","Working-age population | Labour force | Employment | Employees | Unemployment | Labour underutilization | Equality and diversity | Persons outside the labour force and NEET | Working time | Earnings | Child labour | SDG"
"70","Indonesia","IDN",2022,"Labour force survey","Labor Force Survey","Completed","https://ilostat.ilo.org/data/national-sources-catalogue/","Education (ISCED-11) | Status in employment (ICSE-93) | Economic activity (ISIC-Rev.4) | Occupation (ISCO-08)","Working-age population | Labour force | Employment | Time-related underemployment | Employees | Unemployment | Labour underutilization | Persons outside the labour force and NEET | Working time | Earnings | International migrant stock | Child labour | SDG"
"71","Iran, Islamic Republic of","IRN",2021,"Labour force survey","Labor Force Survey","Completed","https://ilostat.ilo.org/data/national-sources-catalogue/","Education (ISCED-11) | Status in employment (ICSE-93) | Economic activity (ISIC-Rev.4) | Occupation (ISCO-08)","Working-age population | Labour force | Employment | Time-related underemployment | Employees | Unemployment | Labour underutilization | Persons outside the labour force and NEET | Working time | International migrant stock | SDG"
"72","Iraq","IRQ",2021,"Labour force survey","Labor Force Survey","Completed","https://ilostat.ilo.org/data/national-sources-catalogue/","Education (ISCED-11) | Status in employment (ICSE-93) | Economic activity (ISIC-Rev.4) | Occupation (ISCO-08)","Working-age population | Labour force | Employment | Time-related underemployment | Employees | Unemployment | Labour underutilization | Equality and diversity | Persons outside the labour force and NEET | Working time | International migrant stock | SDG"
"73","Ireland","IRL",2021,"Labour force survey","Labor Force Survey","Completed","https://ilostat.ilo.org/data/national-sources-catalogue/","Education (ISCED-11) | Status in employment (ICSE-93) | Economic activity (ISIC-Rev.4) | Occupation (ISCO-08)","Working-age population | Labour force | Employment | Time-related underemployment | Employees | Unemployment | Labour underutilization | Equality and diversity | Persons outside the labour force and NEET | Working time | Industrial and labour relations | Strikes and lockouts | International migrant stock | SDG"
"74","Israel","ISR",2021,"Labour force survey","Labor Force Survey","Completed","https://ilostat.ilo.org/data/national-sources-catalogue/","Education (ISCED-11) | Status in employment (ICSE-93) | Economic activity (ISIC-Rev.4) | Occupation (ISCO-08)","Working-age population | Labour force | Employment | Time-related underemployment | Employees | Unemployment | Labour underutilization | Persons outside the labour force and NEET | Working time | International migrant stock | SDG"
"75","Jamaica","JAM",2022,"Labour force survey","Labor Force Survey","Completed","https://ilostat.ilo.org/data/national-sources-catalogue/","Education (ISCED-97) | Status in employment (ICSE-93) | Economic activity (ISIC-Rev.4) | Occupation (ISCO-08)","Working-age population | Labour force | Employment | Time-related underemployment | Employees | Unemployment | Labour underutilization | Equality and diversity | Persons outside the labour force and NEET | Working time | Earnings | SDG"
"76","Jamaica","JAM",2015,"Other household survey","Labor Force Survey","Completed","https://ilostat.ilo.org/data/national-sources-catalogue/","Status in employment (ICSE-93) | Occupation (ISCO-08)","Working-age population | Labour force | Employment | Time-related underemployment | Employees | Unemployment | Persons outside the labour force and NEET"
"77","Jordan","JOR",2021,"Labour force survey","Labor Force Survey","Completed","https://ilostat.ilo.org/data/national-sources-catalogue/","Education (ISCED-11) | Status in employment (ICSE-93) | Economic activity (ISIC-Rev.4) | Occupation (ISCO-08)","Working-age population | Labour force | Employment | Time-related underemployment | Employees | Unemployment | Labour underutilization | Persons outside the labour force and NEET | Working time | Earnings | International migrant stock | SDG"
"78","Jordan","JOR",2015,"Other household survey","Labor Force Survey","Completed","https://ilostat.ilo.org/data/national-sources-catalogue/","Status in employment (ICSE-93) | Occupation (ISCO-08)","Working-age population | Labour force | Employment | Time-related underemployment | Employees | Unemployment | Persons outside the labour force and NEET"
"79","Kazakhstan","KAZ",2020,"Labour force survey","Labor Force Survey","Completed","https://ilostat.ilo.org/data/national-sources-catalogue/","Status in employment (ICSE-93) | Economic activity (ISIC-Rev.4) | Occupation (ISCO-08)","Working-age population | Labour force | Employment | Time-related underemployment | Employees | Unemployment | Labour underutilization | Persons outside the labour force and NEET | Working time | Industrial and labour relations | SDG"
"80","Korea, Republic of","KOR",2021,"Labour force survey","Labor Force Survey","Completed","https://ilostat.ilo.org/data/national-sources-catalogue/","Education (ISCED-11) | Status in employment (ICSE-93) | Economic activity (ISIC-Rev.4) | Occupation (ISCO-08)","Working-age population | Labour force | Employment | Time-related underemployment | Employees | Unemployment | Labour underutilization | Persons outside the labour force and NEET | Working time | International migrant stock | SDG"
"81","Kosovo","XKX",2021,"Labour force survey","Labor Force Survey","Completed","https://ilostat.ilo.org/data/national-sources-catalogue/","Education (ISCED-11) | Status in employment (ICSE-93) | Economic activity (ISIC-Rev.4) | Occupation (ISCO-08)","Working-age population | Labour force | Employment | Time-related underemployment | Employees | Unemployment | Labour underutilization | Equality and diversity | Persons outside the labour force and NEET | Working time | International migrant stock | SDG"
"82","Kuwait","KWT",2016,"Labour force survey","Labor Force Survey","Completed","https://ilostat.ilo.org/data/national-sources-catalogue/","Education (ISCED-11) | Status in employment (ICSE-93) | Economic activity (ISIC-Rev.4) | Occupation (ISCO-08)","Working-age population | Labour force | Employment | Unemployment | Persons outside the labour force and NEET | SDG"
"83","Kuwait","KWT",2017,"Official estimate","Labor Force Survey","Completed","https://ilostat.ilo.org/data/national-sources-catalogue/","Economic activity (ISIC-Rev.3.1)","Working-age population | Labour force | Employment | Unemployment | Persons outside the labour force and NEET | SDG"
"84","Kyrgyzstan","KGZ",2021,"Labour force survey","Labor Force Survey","Completed","https://ilostat.ilo.org/data/national-sources-catalogue/","Education (ISCED-11) | Status in employment (ICSE-93) | Economic activity (ISIC-Rev.4) | Occupation (ISCO-08)","Working-age population | Labour force | Employment | Time-related underemployment | Employees | Unemployment | Labour underutilization | Persons outside the labour force and NEET | Working time | Earnings | SDG"
"85","Lao People's Democratic Republic","LAO",2022,"Labour force survey","Labor Force Survey","Completed","https://ilostat.ilo.org/data/national-sources-catalogue/","Education (ISCED-11) | Status in employment (ICSE-93) | Economic activity (ISIC-Rev.4) | Occupation (ISCO-08)","Working-age population | Labour force | Employment | Time-related underemployment | Employees | Unemployment | Labour underutilization | Equality and diversity | Persons outside the labour force and NEET | Working time | Earnings | Labour inspection | International migrant stock | SDG"
"86","Lebanon","LBN",2019,"Labour force survey","Labor Force Survey","Completed","https://ilostat.ilo.org/data/national-sources-catalogue/","Education (ISCED-11) | Status in employment (ICSE-93) | Economic activity (ISIC-Rev.4) | Occupation (ISCO-08)","Working-age population | Labour force | Employment | Time-related underemployment | Employees | Unemployment | Labour underutilization | Equality and diversity | Persons outside the labour force and NEET | Working time | Earnings | International migrant stock | SDG"
"87","Lesotho","LSO",2013,"Labour force survey","Labor Force Survey","Completed","https://ilostat.ilo.org/data/national-sources-catalogue/","Education (ISCED-11) | Status in employment (ICSE-93) | Economic activity (ISIC-Rev.4) | Occupation (ISCO-08)","Working-age population | Labour force | Employment | Time-related underemployment | Employees | Unemployment | Labour underutilization | Persons outside the labour force and NEET | Working time | Earnings | International migrant stock | SDG"
"88","Liberia","LBR",2017,"Labour force survey","Labor Force Survey","Completed","https://ilostat.ilo.org/data/national-sources-catalogue/","Education (ISCED-11) | Status in employment (ICSE-93) | Economic activity (ISIC-Rev.4) | Occupation (ISCO-08)","Working-age population | Labour force | Employment | Time-related underemployment | Employees | Unemployment | Labour underutilization | Equality and diversity | Persons outside the labour force and NEET | Working time | Earnings | Industrial and labour relations | International migrant stock | Child labour | SDG"
"89","Liberia","LBR",2014,"Other household survey","Labor Force Survey","Completed","https://ilostat.ilo.org/data/national-sources-catalogue/","Status in employment (ICSE-93) | Occupation (ISCO-08)","Working-age population | Labour force | Employment | Time-related underemployment | Employees | Unemployment | Persons outside the labour force and NEET"
"90","Liechtenstein","LIE",2017,"Population register","Labor Force Survey","Completed","https://ilostat.ilo.org/data/national-sources-catalogue/","Economic activity (ISIC-Rev.4)","Working-age population | Labour force | Employment | Employees | Persons outside the labour force and NEET"
"91","Lithuania","LTU",2020,"Labour force survey","Labor Force Survey","Completed","https://ilostat.ilo.org/data/national-sources-catalogue/","Education (ISCED-11) | Status in employment (ICSE-93) | Economic activity (ISIC-Rev.4) | Occupation (ISCO-08)","Working-age population | Labour force | Employment | Time-related underemployment | Employees | Unemployment | Labour underutilization | Equality and diversity | Persons outside the labour force and NEET | Working time | International migrant stock | SDG"
"92","Luxembourg","LUX",2017,"Labour force survey","Labor Force Survey","Completed","https://ilostat.ilo.org/data/national-sources-catalogue/","Education (ISCED-11) | Status in employment (ICSE-93) | Economic activity (ISIC-Rev.4) | Occupation (ISCO-08)","Working-age population | Labour force | Employment | Time-related underemployment | Employees | Unemployment | Labour underutilization | Equality and diversity | Persons outside the labour force and NEET | Working time | Earnings | International migrant stock | SDG"
"93","Macau, China","MAC",2021,"Labour force survey","Labor Force Survey","Completed","https://ilostat.ilo.org/data/national-sources-catalogue/","Education (ISCED-97) | Status in employment (ICSE-93) | Occupation (ISCO-88) | NA","Working-age population | Labour force | Employment | Time-related underemployment | Employees | Unemployment | Labour underutilization | Persons outside the labour force and NEET | Working time | Earnings | SDG"
"94","Madagascar","MDG",2015,"Labour force survey","Labor Force Survey","Completed","https://ilostat.ilo.org/data/national-sources-catalogue/","Education (ISCED-11) | Status in employment (ICSE-93) | Economic activity (ISIC-Rev.4) | Occupation (ISCO-08)","Working-age population | Labour force | Employment | Employees | Unemployment | Labour underutilization | Equality and diversity | Persons outside the labour force and NEET | Working time | Earnings | Industrial and labour relations | International migrant stock | SDG"
"95","Madagascar","MDG",2018,"Other household survey","Labor Force Survey","Completed","https://ilostat.ilo.org/data/national-sources-catalogue/","Status in employment (ICSE-93) | Economic activity (ISIC-Rev.4) | Occupation (ISCO-08)","Working-age population | Labour force | Employment | Time-related underemployment | Employees | Unemployment | Labour underutilization | Persons outside the labour force and NEET | Working time | International migrant stock | Child labour | SDG"
"96","Malawi","MWI",2013,"Labour force survey","Labor Force Survey","Completed","https://ilostat.ilo.org/data/national-sources-catalogue/","Status in employment (ICSE-93) | Occupation (ISCO-08)","Working-age population | Labour force | Employment | Employees | Unemployment | Labour underutilization | Persons outside the labour force and NEET | Working time | Earnings | Industrial and labour relations | International migrant stock | SDG"
"97","Malawi","MWI",2014,"Other household survey","Labor Force Survey","Completed","https://ilostat.ilo.org/data/national-sources-catalogue/","Status in employment (ICSE-93) | Occupation (ISCO-08)","Working-age population | Labour force | Employment | Time-related underemployment | Employees | Unemployment | Persons outside the labour force and NEET"
"98","Malaysia","MYS",2020,"Labour force survey","Labor Force Survey","Completed","https://ilostat.ilo.org/data/national-sources-catalogue/","Education (ISCED-11) | Status in employment (ICSE-93) | Economic activity (ISIC-Rev.4) | Occupation (ISCO-08)","Working-age population | Labour force | Employment | Time-related underemployment | Employees | Unemployment | Labour underutilization | Persons outside the labour force and NEET | Working time | International migrant stock | International migrant flow | SDG"
"99","Mali","MLI",2020,"Labour force survey","Labor Force Survey","Completed","https://ilostat.ilo.org/data/national-sources-catalogue/","Education (ISCED-11) | Status in employment (ICSE-93) | Economic activity (ISIC-Rev.4) | Occupation (ISCO-08)","Working-age population | Labour force | Employment | Time-related underemployment | Employees | Unemployment | Labour underutilization | Equality and diversity | Persons outside the labour force and NEET | Working time | Earnings | Industrial and labour relations | International migrant stock | Child labour | SDG"
"100","Martinique","MTQ",2016,"Labour force survey","Labor Force Survey","Completed","https://ilostat.ilo.org/data/national-sources-catalogue/",NA,"Working-age population | Labour force | Employment | Employees | Unemployment | Persons outside the labour force and NEET | SDG"
"101","Mauritania","MRT",2017,"Labour force survey","Labor Force Survey","Completed","https://ilostat.ilo.org/data/national-sources-catalogue/","Education (ISCED-11) | Status in employment (ICSE-93) | Economic activity (ISIC-Rev.4)","Working-age population | Labour force | Employment | Time-related underemployment | Employees | Unemployment | Labour underutilization | Equality and diversity | Persons outside the labour force and NEET | Working time | Industrial and labour relations | International migrant stock | SDG"
"102","Mauritius","MUS",2021,"Labour force survey","Labor Force Survey","Completed","https://ilostat.ilo.org/data/national-sources-catalogue/","Education (ISCED-11) | Status in employment (ICSE-93) | Economic activity (ISIC-Rev.4) | Occupation (ISCO-08)","Working-age population | Labour force | Employment | Time-related underemployment | Employees | Unemployment | Labour underutilization | Equality and diversity | Persons outside the labour force and NEET | Working time | Earnings | SDG"
"103","Moldova, Republic of","MDA",2022,"Labour force survey","Labor Force Survey","Completed","https://ilostat.ilo.org/data/national-sources-catalogue/","Education (ISCED-11) | Status in employment (ICSE-93) | Economic activity (ISIC-Rev.4) | Occupation (ISCO-08)","Working-age population | Labour force | Employment | Time-related underemployment | Employees | Unemployment | Labour underutilization | Equality and diversity | Persons outside the labour force and NEET | Working time | Earnings | Industrial and labour relations | International migrant stock | Nationals abroad | SDG"
"104","Moldova, Republic of","MDA",2013,"Other household survey","Labor Force Survey","Completed","https://ilostat.ilo.org/data/national-sources-catalogue/",NA,"Working-age population | Labour force | Employment | Unemployment | Persons outside the labour force and NEET"
"105","Mongolia","MNG",2021,"Labour force survey","Labor Force Survey","Completed","https://ilostat.ilo.org/data/national-sources-catalogue/","Education (ISCED-11) | Status in employment (ICSE-93) | Economic activity (ISIC-Rev.4) | Occupation (ISCO-08)","Working-age population | Labour force | Employment | Time-related underemployment | Employees | Unemployment | Labour underutilization | Equality and diversity | Persons outside the labour force and NEET | Working time | Earnings | International migrant stock | SDG"
"106","Montenegro","MNE",2020,"Labour force survey","Labor Force Survey","Completed","https://ilostat.ilo.org/data/national-sources-catalogue/","Education (ISCED-11) | Status in employment (ICSE-93) | Economic activity (ISIC-Rev.4) | Occupation (ISCO-08)","Working-age population | Labour force | Employment | Time-related underemployment | Employees | Unemployment | Labour underutilization | Equality and diversity | Persons outside the labour force and NEET | Working time | International migrant stock | SDG"
"107","Montserrat","MSR",2020,"Labour force survey","Labor Force Survey","Completed","https://ilostat.ilo.org/data/national-sources-catalogue/","Education (ISCED-11) | Status in employment (ICSE-93) | Economic activity (ISIC-Rev.3.1) | Occupation (ISCO-08)","Working-age population | Labour force | Employment | Time-related underemployment | Employees | Unemployment | Labour underutilization | Persons outside the labour force and NEET | Working time | International migrant stock | SDG"
"108","Morocco","MAR",2021,"Labour force survey","Labor Force Survey","Completed","https://ilostat.ilo.org/data/national-sources-catalogue/","Education (ISCED-97) | Status in employment (ICSE-93) | Economic activity (ISIC-Rev.3.1) | Occupation (ISCO-08)","Working-age population | Labour force | Employment | Time-related underemployment | Employees | Unemployment | Labour underutilization | Persons outside the labour force and NEET | Working time | SDG"
"109","Myanmar","MMR",2020,"Labour force survey","Labor Force Survey","Completed","https://ilostat.ilo.org/data/national-sources-catalogue/","Education (ISCED-11) | Status in employment (ICSE-93) | Economic activity (ISIC-Rev.4) | Occupation (ISCO-08)","Working-age population | Labour force | Employment | Time-related underemployment | Employees | Unemployment | Labour underutilization | Equality and diversity | Persons outside the labour force and NEET | Working time | Earnings | Industrial and labour relations | International migrant stock | Child labour | SDG"
"110","Namibia","NAM",2018,"Labour force survey","Labor Force Survey","Completed","https://ilostat.ilo.org/data/national-sources-catalogue/","Education (ISCED-11) | Status in employment (ICSE-93) | Economic activity (ISIC-Rev.4) | Occupation (ISCO-88)","Working-age population | Labour force | Employment | Employees | Unemployment | Labour underutilization | Equality and diversity | Persons outside the labour force and NEET | Working time | Earnings | Industrial and labour relations | International migrant stock | International migrant flow | SDG"
"111","Nepal","NPL",2017,"Labour force survey","Labor Force Survey","Completed","https://ilostat.ilo.org/data/national-sources-catalogue/","Education (ISCED-11) | Status in employment (ICSE-93) | Economic activity (ISIC-Rev.4) | Occupation (ISCO-08)","Working-age population | Labour force | Employment | Time-related underemployment | Employees | Unemployment | Labour underutilization | Equality and diversity | Persons outside the labour force and NEET | Working time | Earnings | International migrant stock | International migrant flow | SDG"
"112","Netherlands","NLD",2022,"Labour force survey","Labor Force Survey","Completed","https://ilostat.ilo.org/data/national-sources-catalogue/","Education (ISCED-11) | Status in employment (ICSE-93) | Economic activity (ISIC-Rev.4) | Occupation (ISCO-08)","Working-age population | Labour force | Employment | Time-related underemployment | Employees | Unemployment | Labour underutilization | Equality and diversity | Persons outside the labour force and NEET | Working time | Strikes and lockouts | International migrant stock | SDG"
"113","Netherlands Antilles","ANT",2013,"Labour force survey","Labor Force Survey","Completed","https://ilostat.ilo.org/data/national-sources-catalogue/","Status in employment (ICSE-93) | Economic activity (ISIC-Rev.4)","Working-age population | Labour force | Employment | Unemployment | Persons outside the labour force and NEET | SDG"
"114","New Caledonia","NCL",2020,"Labour force survey","Labor Force Survey","Completed","https://ilostat.ilo.org/data/national-sources-catalogue/","Status in employment (ICSE-93) | Economic activity (ISIC-Rev.4)","Working-age population | Labour force | Employment | Time-related underemployment | Employees | Unemployment | Labour underutilization | Persons outside the labour force and NEET | Working time | Earnings | International migrant stock | SDG"
"115","Nicaragua","NIC",2018,"Labour force survey","Labor Force Survey","Completed","https://ilostat.ilo.org/data/national-sources-catalogue/","Education (ISCED-97) | Status in employment (ICSE-93) | Economic activity (ISIC-Rev.4) | Occupation (ISCO-88) | NA","Working-age population | Labour force | Employment | Time-related underemployment | Employees | Unemployment | Labour underutilization | Equality and diversity | Persons outside the labour force and NEET | Working time | Earnings | International migrant stock | SDG"
"116","Niger","NER",2017,"Labour force survey","Labor Force Survey","Completed","https://ilostat.ilo.org/data/national-sources-catalogue/","Education (ISCED-11) | Status in employment (ICSE-93) | Economic activity (ISIC-Rev.4) | Occupation (ISCO-08)","Working-age population | Labour force | Employment | Employees | Unemployment | Labour underutilization | Persons outside the labour force and NEET | Working time | Earnings | International migrant stock | SDG"
"117","Nigeria","NGA",2018,"Labour force survey","Labor Force Survey","Completed","https://ilostat.ilo.org/data/national-sources-catalogue/",NA,"Working-age population | Labour force | Employment | Unemployment | Persons outside the labour force and NEET | SDG"
"118","North Macedonia","MKD",2022,"Labour force survey","Labor Force Survey","Completed","https://ilostat.ilo.org/data/national-sources-catalogue/","Education (ISCED-11) | Status in employment (ICSE-93) | Economic activity (ISIC-Rev.4) | Occupation (ISCO-08)","Working-age population | Labour force | Employment | Time-related underemployment | Employees | Unemployment | Labour underutilization | Equality and diversity | Persons outside the labour force and NEET | Working time | International migrant stock | SDG"
"119","Occupied Palestinian Territory","PSE",2022,"Labour force survey","Labor Force Survey","Completed","https://ilostat.ilo.org/data/national-sources-catalogue/","Education (ISCED-11) | Status in employment (ICSE-93) | Economic activity (ISIC-Rev.4) | Occupation (ISCO-08)","Working-age population | Labour force | Employment | Time-related underemployment | Employees | Unemployment | Labour underutilization | Persons outside the labour force and NEET | Working time | Earnings | Public sector employment | Industrial and labour relations | International migrant stock | SDG"
"120","Occupied Palestinian Territory","PSE",2015,"Other household survey","Labor Force Survey","Completed","https://ilostat.ilo.org/data/national-sources-catalogue/","Status in employment (ICSE-93) | Occupation (ISCO-08)","Working-age population | Labour force | Employment | Time-related underemployment | Unemployment | Persons outside the labour force and NEET"
"121","Oman","OMN",2022,"Official estimate","Labor Force Survey","Completed","https://ilostat.ilo.org/data/national-sources-catalogue/","Education (ISCED-11) | Status in employment (ICSE-93) | Economic activity (ISIC-Rev.4) | Occupation (ISCO-08)","Working-age population | Labour force | Employment | Employees | Unemployment | Persons outside the labour force and NEET | Earnings | Public sector employment | Labour inspection | International migrant stock | International migrant flow | SDG"
"122","Pakistan","PAK",2021,"Labour force survey","Labor Force Survey","Completed","https://ilostat.ilo.org/data/national-sources-catalogue/","Education (ISCED-11) | Status in employment (ICSE-93) | Economic activity (ISIC-Rev.4) | Occupation (ISCO-08)","Working-age population | Labour force | Employment | Time-related underemployment | Employees | Unemployment | Labour underutilization | Equality and diversity | Persons outside the labour force and NEET | Working time | Earnings | Public sector employment | Occupational injuries | International migrant stock | Nationals abroad | Child labour | SDG"
"123","Panama","PAN",2021,"Labour force survey","Labor Force Survey","Completed","https://ilostat.ilo.org/data/national-sources-catalogue/","Education (ISCED-11) | Status in employment (ICSE-93) | Economic activity (ISIC-Rev.4) | Occupation (ISCO-08)","Working-age population | Labour force | Employment | Time-related underemployment | Employees | Unemployment | Labour underutilization | Equality and diversity | Persons outside the labour force and NEET | Working time | Earnings | Strikes and lockouts | International migrant stock | SDG"
"124","Panama","PAN",2022,"Other household survey","Labor Force Survey","Completed","https://ilostat.ilo.org/data/national-sources-catalogue/","Education (ISCED-11) | Status in employment (ICSE-93) | Economic activity (ISIC-Rev.4) | Occupation (ISCO-08)","Working-age population | Labour force | Employment | Employees | Unemployment | Labour underutilization | Equality and diversity | Persons outside the labour force and NEET | Working time | Earnings | SDG"
"125","Paraguay","PRY",2017,"Labour force survey","Labor Force Survey","Completed","https://ilostat.ilo.org/data/national-sources-catalogue/","Status in employment (ICSE-93) | Occupation (ISCO-08)","Working-age population | Labour force | Employment | Time-related underemployment | Employees | Unemployment | Labour underutilization | Persons outside the labour force and NEET | Working time | SDG"
"126","Paraguay","PRY",2022,"Other household survey","Labor Force Survey","Completed","https://ilostat.ilo.org/data/national-sources-catalogue/","Education (ISCED-97) | Status in employment (ICSE-93) | Economic activity (ISIC-Rev.3.1) | Occupation (ISCO-08)","Working-age population | Labour force | Employment | Time-related underemployment | Employees | Unemployment | Labour underutilization | Equality and diversity | Persons outside the labour force and NEET | Working time | Earnings | Public sector employment | Industrial and labour relations | International migrant stock | Child labour | SDG"
"127","Peru","PER",2022,"Other household survey","Labor Force Survey","Completed","https://ilostat.ilo.org/data/national-sources-catalogue/","Status in employment (ICSE-93) | Economic activity (ISIC-Rev.4) | Occupation (ISCO-08) | NA","Working-age population | Labour force | Employment | Time-related underemployment | Employees | Unemployment | Labour underutilization | Equality and diversity | Persons outside the labour force and NEET | Working time | Earnings | Child labour | SDG"
"128","Philippines","PHL",2022,"Labour force survey","Labor Force Survey","Completed","https://ilostat.ilo.org/data/national-sources-catalogue/","Education (ISCED-11) | Status in employment (ICSE-93) | Economic activity (ISIC-Rev.4) | Occupation (ISCO-08)","Working-age population | Labour force | Employment | Time-related underemployment | Employees | Unemployment | Labour underutilization | Equality and diversity | Persons outside the labour force and NEET | Working time | Earnings | Nationals abroad | SDG"
"129","Portugal","PRT",2022,"Labour force survey","Labor Force Survey","Completed","https://ilostat.ilo.org/data/national-sources-catalogue/","Education (ISCED-11) | Status in employment (ICSE-93) | Economic activity (ISIC-Rev.4) | Occupation (ISCO-08)","Working-age population | Labour force | Employment | Time-related underemployment | Employees | Unemployment | Labour underutilization | Equality and diversity | Persons outside the labour force and NEET | Working time | Earnings | International migrant stock | SDG"
"130","Puerto Rico","PRI",2018,"Labour force survey","Labor Force Survey","Completed","https://ilostat.ilo.org/data/national-sources-catalogue/","Education (ISCED-11) | Status in employment (ICSE-93)","Working-age population | Labour force | Employment | Unemployment | Persons outside the labour force and NEET | SDG"
"131","Qatar","QAT",2021,"Labour force survey","Labor Force Survey","Completed","https://ilostat.ilo.org/data/national-sources-catalogue/","Education (ISCED-11) | Status in employment (ICSE-93) | Economic activity (ISIC-Rev.4) | Occupation (ISCO-08)","Working-age population | Labour force | Employment | Employees | Unemployment | Persons outside the labour force and NEET | Working time | Earnings | International migrant stock | SDG"
"132","Romania","ROU",2022,"Labour force survey","Labor Force Survey","Completed","https://ilostat.ilo.org/data/national-sources-catalogue/","Education (ISCED-11) | Status in employment (ICSE-93) | Economic activity (ISIC-Rev.4) | Occupation (ISCO-08)","Working-age population | Labour force | Employment | Time-related underemployment | Employees | Unemployment | Labour underutilization | Equality and diversity | Persons outside the labour force and NEET | Working time | International migrant stock | SDG"
"133","Russian Federation","RUS",2021,"Labour force survey","Labor Force Survey","Completed","https://ilostat.ilo.org/data/national-sources-catalogue/","Education (ISCED-97) | Status in employment (ICSE-93) | Economic activity (ISIC-Rev.4) | Occupation (ISCO-08)","Working-age population | Labour force | Employment | Time-related underemployment | Employees | Unemployment | Labour underutilization | Persons outside the labour force and NEET | Working time | International migrant stock | Nationals abroad | SDG"
"134","Russian Federation","RUS",2015,"Other household survey","Labor Force Survey","Completed","https://ilostat.ilo.org/data/national-sources-catalogue/","Status in employment (ICSE-93) | Occupation (ISCO-08)","Working-age population | Labour force | Employment | Time-related underemployment | Unemployment | Persons outside the labour force and NEET"
"135","Rwanda","RWA",2021,"Labour force survey","Labor Force Survey","Completed","https://ilostat.ilo.org/data/national-sources-catalogue/","Education (ISCED-11) | Status in employment (ICSE-93) | Economic activity (ISIC-Rev.4) | Occupation (ISCO-08)","Working-age population | Labour force | Employment | Time-related underemployment | Employees | Unemployment | Labour underutilization | Equality and diversity | Persons outside the labour force and NEET | Working time | Earnings | Industrial and labour relations | International migrant stock | SDG"
"136","Réunion","REU",2016,"Labour force survey","Labor Force Survey","Completed","https://ilostat.ilo.org/data/national-sources-catalogue/","Education (ISCED-97) | Economic activity (ISIC-Rev.4) | Occupation (ISCO-08)","Working-age population | Labour force | Employment | Time-related underemployment | Employees | Unemployment | Labour underutilization | Persons outside the labour force and NEET | Working time | SDG"
"137","Saint Lucia","LCA",2022,"Labour force survey","Labor Force Survey","Completed","https://ilostat.ilo.org/data/national-sources-catalogue/","Education (ISCED-97) | Status in employment (ICSE-93) | Economic activity (ISIC-Rev.4) | Occupation (ISCO-08)","Working-age population | Labour force | Employment | Time-related underemployment | Employees | Unemployment | Labour underutilization | Equality and diversity | Persons outside the labour force and NEET | Working time | International migrant stock | SDG"
"138","Samoa","WSM",2017,"Labour force survey","Labor Force Survey","Completed","https://ilostat.ilo.org/data/national-sources-catalogue/","Status in employment (ICSE-93) | Economic activity (ISIC-Rev.4) | Occupation (ISCO-08)","Working-age population | Labour force | Employment | Time-related underemployment | Employees | Unemployment | Labour underutilization | Equality and diversity | Persons outside the labour force and NEET | Working time | Earnings | Industrial and labour relations | International migrant stock | SDG"
"139","San Marino","SMR",2022,"Official estimate","Labor Force Survey","Completed","https://ilostat.ilo.org/data/national-sources-catalogue/","Status in employment (ICSE-93) | Economic activity (ISIC-Rev.4) | Occupation (ISCO-08)","Working-age population | Labour force | Employment | Employees | Unemployment | Persons outside the labour force and NEET | Earnings | Public sector employment | Occupational injuries | Strikes and lockouts | Labour inspection | SDG"
"140","Saudi Arabia","SAU",2022,"Labour force survey","Labor Force Survey","Completed","https://ilostat.ilo.org/data/national-sources-catalogue/","Education (ISCED-11) | Economic activity (ISIC-Rev.4) | Occupation (ISCO-08)","Labour force | Employment | Time-related underemployment | Unemployment | Labour underutilization | Persons outside the labour force and NEET | Working time | Earnings | International migrant stock | SDG"
"141","Senegal","SEN",2019,"Labour force survey","Labor Force Survey","Completed","https://ilostat.ilo.org/data/national-sources-catalogue/","Education (ISCED-11) | Status in employment (ICSE-93) | Economic activity (ISIC-Rev.4) | Occupation (ISCO-08)","Working-age population | Labour force | Employment | Time-related underemployment | Employees | Unemployment | Labour underutilization | Persons outside the labour force and NEET | Working time | Earnings | International migrant stock | SDG"
"142","Serbia","SRB",2022,"Labour force survey","Labor Force Survey","Completed","https://ilostat.ilo.org/data/national-sources-catalogue/","Education (ISCED-11) | Status in employment (ICSE-93) | Economic activity (ISIC-Rev.4) | Occupation (ISCO-08)","Working-age population | Labour force | Employment | Time-related underemployment | Employees | Unemployment | Labour underutilization | Equality and diversity | Persons outside the labour force and NEET | Working time | Earnings | International migrant stock | SDG"
"143","Seychelles","SYC",2020,"Labour force survey","Labor Force Survey","Completed","https://ilostat.ilo.org/data/national-sources-catalogue/","Status in employment (ICSE-93) | Economic activity (ISIC-Rev.4) | Occupation (ISCO-08)","Working-age population | Labour force | Employment | Time-related underemployment | Employees | Unemployment | Labour underutilization | Equality and diversity | Persons outside the labour force and NEET | Working time | Industrial and labour relations | International migrant stock | SDG"
"144","Sierra Leone","SLE",2014,"Labour force survey","Labor Force Survey","Completed","https://ilostat.ilo.org/data/national-sources-catalogue/","Education (ISCED-11) | Status in employment (ICSE-93) | Economic activity (ISIC-Rev.4) | Occupation (ISCO-08)","Working-age population | Labour force | Employment | Time-related underemployment | Employees | Unemployment | Labour underutilization | Equality and diversity | Persons outside the labour force and NEET | Working time | Industrial and labour relations | International migrant stock | SDG"
"145","Singapore","SGP",2021,"Labour force survey","Labor Force Survey","Completed","https://ilostat.ilo.org/data/national-sources-catalogue/","Education (ISCED-97) | Status in employment (ICSE-93) | Economic activity (ISIC-Rev.4) | Occupation (ISCO-08)","Working-age population | Labour force | Employment | Time-related underemployment | Employees | Unemployment | Labour underutilization | Persons outside the labour force and NEET | Working time | Earnings | SDG"
"146","Somalia","SOM",2019,"Labour force survey","Labor Force Survey","Completed","https://ilostat.ilo.org/data/national-sources-catalogue/","Status in employment (ICSE-93) | Economic activity (ISIC-Rev.4) | Occupation (ISCO-08)","Working-age population | Labour force | Employment | Time-related underemployment | Employees | Unemployment | Labour underutilization | Persons outside the labour force and NEET | Working time | Industrial and labour relations | International migrant stock | SDG"
"147","South Africa","ZAF",2022,"Labour force survey","Labor Force Survey","Completed","https://ilostat.ilo.org/data/national-sources-catalogue/","Education (ISCED-11) | Status in employment (ICSE-93) | Economic activity (ISIC-Rev.4) | Occupation (ISCO-08) | NA","Working-age population | Labour force | Employment | Time-related underemployment | Employees | Unemployment | Labour underutilization | Persons outside the labour force and NEET | Working time | Earnings | Industrial and labour relations | International migrant stock | SDG"
"148","Sri Lanka","LKA",2021,"Labour force survey","Labor Force Survey","Completed","https://ilostat.ilo.org/data/national-sources-catalogue/","Education (ISCED-11) | Status in employment (ICSE-93) | Economic activity (ISIC-Rev.4) | Occupation (ISCO-08)","Working-age population | Labour force | Employment | Time-related underemployment | Employees | Unemployment | Labour underutilization | Equality and diversity | Persons outside the labour force and NEET | Working time | Earnings | Public sector employment | SDG"
"149","Suriname","SUR",2017,"Labour force survey","Labor Force Survey","Completed","https://ilostat.ilo.org/data/national-sources-catalogue/","Education (ISCED-97) | Status in employment (ICSE-93) | Economic activity (ISIC-Rev.4) | Occupation (ISCO-88)","Working-age population | Labour force | Employment | Employees | Unemployment | Persons outside the labour force and NEET | Earnings | SDG"
"150","Taiwan, China","TWN",2021,"Labour force survey","Labor Force Survey","Completed","https://ilostat.ilo.org/data/national-sources-catalogue/","Status in employment (ICSE-93) | Economic activity (ISIC-Rev.4) | Occupation (ISCO-88)","Working-age population | Labour force | Employment | Employees | Unemployment | Persons outside the labour force and NEET | SDG"
"151","Tajikistan","TJK",2018,"Labour force survey","Labor Force Survey","Completed","https://ilostat.ilo.org/data/national-sources-catalogue/","Education (ISCED-11) | Economic activity (ISIC-Rev.4)","Working-age population | Labour force | Employment | Time-related underemployment | Employees | Unemployment | Persons outside the labour force and NEET | Public sector employment | International migrant stock | Nationals abroad | SDG"
"152","Tanzania, United Republic of","TZA",2020,"Labour force survey","Labor Force Survey","Completed","https://ilostat.ilo.org/data/national-sources-catalogue/","Education (ISCED-11) | Status in employment (ICSE-93) | Economic activity (ISIC-Rev.4) | Occupation (ISCO-08)","Working-age population | Labour force | Employment | Time-related underemployment | Employees | Unemployment | Labour underutilization | Equality and diversity | Persons outside the labour force and NEET | Working time | Earnings | International migrant stock | Child labour | SDG"
"153","Tanzania, United Republic of","TZA",2013,"Other household survey","Labor Force Survey","Completed","https://ilostat.ilo.org/data/national-sources-catalogue/","Status in employment (ICSE-93) | Occupation (ISCO-08)","Working-age population | Labour force | Employment | Time-related underemployment | Employees | Unemployment | Persons outside the labour force and NEET"
"154","Thailand","THA",2022,"Labour force survey","Labor Force Survey","Completed","https://ilostat.ilo.org/data/national-sources-catalogue/","Education (ISCED-97) | Status in employment (ICSE-93) | Economic activity (ISIC-Rev.4) | Occupation (ISCO-08)","Working-age population | Labour force | Employment | Time-related underemployment | Employees | Unemployment | Labour underutilization | Persons outside the labour force and NEET | Working time | Earnings"
"155","Thailand","THA",2021,"Labour force survey","Labor Force Survey","Completed","https://ilostat.ilo.org/data/national-sources-catalogue/","Education (ISCED-97) | Status in employment (ICSE-93) | Economic activity (ISIC-Rev.4) | Occupation (ISCO-08)","Working-age population | Labour force | Employment | Time-related underemployment | Employees | Unemployment | Labour underutilization | Equality and diversity | Persons outside the labour force and NEET | Working time | Earnings | Public sector employment | International migrant stock | International migrant flow | SDG"
"156","Timor-Leste","TLS",2021,"Labour force survey","Labor Force Survey","Completed","https://ilostat.ilo.org/data/national-sources-catalogue/","Education (ISCED-11) | Status in employment (ICSE-93) | Economic activity (ISIC-Rev.4) | Occupation (ISCO-08)","Working-age population | Labour force | Employment | Time-related underemployment | Employees | Unemployment | Labour underutilization | Equality and diversity | Persons outside the labour force and NEET | Working time | Earnings | International migrant stock | Child labour | SDG"
"157","Togo","TGO",2017,"Labour force survey","Labor Force Survey","Completed","https://ilostat.ilo.org/data/national-sources-catalogue/","Education (ISCED-11) | Status in employment (ICSE-93) | Economic activity (ISIC-Rev.4) | Occupation (ISCO-08)","Working-age population | Labour force | Employment | Time-related underemployment | Employees | Unemployment | Labour underutilization | Persons outside the labour force and NEET | Working time | Earnings | International migrant stock | Nationals abroad | SDG"
"158","Togo","TGO",2014,"Other household survey","Labor Force Survey","Completed","https://ilostat.ilo.org/data/national-sources-catalogue/","Status in employment (ICSE-93) | Occupation (ISCO-08)","Working-age population | Labour force | Employment | Time-related underemployment | Employees | Unemployment | Persons outside the labour force and NEET | Child labour | SDG"
"159","Tonga","TON",2018,"Labour force survey","Labor Force Survey","Completed","https://ilostat.ilo.org/data/national-sources-catalogue/","Education (ISCED-11) | Status in employment (ICSE-93) | Economic activity (ISIC-Rev.4) | Occupation (ISCO-08)","Working-age population | Labour force | Employment | Time-related underemployment | Employees | Unemployment | Labour underutilization | Persons outside the labour force and NEET | Working time | Earnings | International migrant stock | SDG"
"160","Trinidad and Tobago","TTO",2021,"Labour force survey","Labor Force Survey","Completed","https://ilostat.ilo.org/data/national-sources-catalogue/","Education (ISCED-11) | Status in employment (ICSE-93) | Economic activity (ISIC-Rev.4) | Occupation (ISCO-08)","Working-age population | Labour force | Employment | Employees | Unemployment | Equality and diversity | Persons outside the labour force and NEET | Earnings | International migrant stock | SDG"
"161","Tunisia","TUN",2020,"Other household survey","Labor Force Survey","Completed","https://ilostat.ilo.org/data/national-sources-catalogue/","Status in employment (ICSE-93) | Occupation (ISCO-08)","Working-age population | Labour force | Employment | Time-related underemployment | Employees | Unemployment | Persons outside the labour force and NEET | International migrant stock | International migrant flow"
"162","Tunisia","TUN",2014,"Labour force survey","Labor Force Survey","Completed","https://ilostat.ilo.org/data/national-sources-catalogue/","Education (ISCED-97) | Status in employment (ICSE-93) | Economic activity (ISIC-Rev.4) | Occupation (ISCO-08)","Working-age population | Labour force | Employment | Employees | Unemployment | Equality and diversity | Persons outside the labour force and NEET | Working time | SDG"
"163","Tunisia","TUN",2020,"Labour force survey","Labor Force Survey","Completed","https://ilostat.ilo.org/data/national-sources-catalogue/",NA,"Working-age population | Labour force | Employment | Employees | Unemployment | Persons outside the labour force and NEET"
"164","Türkiye","TUR",2020,"Labour force survey","Labor Force Survey","Completed","https://ilostat.ilo.org/data/national-sources-catalogue/","Education (ISCED-11) | Status in employment (ICSE-93) | Economic activity (ISIC-Rev.4) | Occupation (ISCO-08)","Working-age population | Labour force | Employment | Time-related underemployment | Employees | Unemployment | Labour underutilization | Equality and diversity | Persons outside the labour force and NEET | Working time | Earnings | International migrant stock | SDG"
"165","Uganda","UGA",2021,"Labour force survey","Labor Force Survey","Completed","https://ilostat.ilo.org/data/national-sources-catalogue/","Education (ISCED-11) | Status in employment (ICSE-93) | Economic activity (ISIC-Rev.4) | Occupation (ISCO-08)","Working-age population | Labour force | Employment | Time-related underemployment | Employees | Unemployment | Labour underutilization | Equality and diversity | Persons outside the labour force and NEET | Working time | Earnings | Public sector employment | Industrial and labour relations | International migrant stock | Child labour | SDG"
"166","Uganda","UGA",2015,"Other household survey","Labor Force Survey","Completed","https://ilostat.ilo.org/data/national-sources-catalogue/","Status in employment (ICSE-93) | Occupation (ISCO-08)","Working-age population | Labour force | Employment | Time-related underemployment | Employees | Unemployment | Persons outside the labour force and NEET"
"167","Ukraine","UKR",2021,"Labour force survey","Labor Force Survey","Completed","https://ilostat.ilo.org/data/national-sources-catalogue/","Status in employment (ICSE-93) | Economic activity (ISIC-Rev.4) | Occupation (ISCO-08)","Working-age population | Labour force | Employment | Time-related underemployment | Employees | Unemployment | Labour underutilization | Persons outside the labour force and NEET | Working time | International migrant stock | SDG"
"168","Ukraine","UKR",2015,"Other household survey","Labor Force Survey","Completed","https://ilostat.ilo.org/data/national-sources-catalogue/","Status in employment (ICSE-93) | Occupation (ISCO-08)","Working-age population | Labour force | Employment | Time-related underemployment | Employees | Unemployment | Persons outside the labour force and NEET"
"169","United Arab Emirates","ARE",2021,"Labour force survey","Labor Force Survey","Completed","https://ilostat.ilo.org/data/national-sources-catalogue/","Education (ISCED-11) | Status in employment (ICSE-93) | Economic activity (ISIC-Rev.4) | Occupation (ISCO-08)","Working-age population | Labour force | Employment | Time-related underemployment | Employees | Unemployment | Labour underutilization | Persons outside the labour force and NEET | International migrant stock | SDG"
"170","United Kingdom","GBR",2018,"Labour force survey","Labor Force Survey","Completed","https://ilostat.ilo.org/data/national-sources-catalogue/","Education (ISCED-11) | Status in employment (ICSE-93) | Economic activity (ISIC-Rev.4) | Occupation (ISCO-08)","Working-age population | Labour force | Employment | Time-related underemployment | Employees | Unemployment | Labour underutilization | Equality and diversity | Persons outside the labour force and NEET | Working time | Industrial and labour relations | International migrant stock | SDG"
"171","Uruguay","URY",2022,"Labour force survey","Labor Force Survey","Completed","https://ilostat.ilo.org/data/national-sources-catalogue/","Education (ISCED-97) | Status in employment (ICSE-93) | Economic activity (ISIC-Rev.4) | Occupation (ISCO-08)","Working-age population | Labour force | Employment | Time-related underemployment | Employees | Unemployment | Labour underutilization | Equality and diversity | Persons outside the labour force and NEET | Working time | Earnings | Public sector employment | Industrial and labour relations | International migrant stock | SDG"
"172","Uzbekistan","UZB",2020,"Other household survey","Labor Force Survey","Completed","https://ilostat.ilo.org/data/national-sources-catalogue/","Status in employment (ICSE-93) | Economic activity (ISIC-Rev.4) | Occupation (ISCO-08)","Working-age population | Labour force | Employment | Employees | Unemployment | Persons outside the labour force and NEET | SDG"
"173","Uzbekistan","UZB",2020,"Labour force survey","Labor Force Survey","Completed","https://ilostat.ilo.org/data/national-sources-catalogue/","Status in employment (ICSE-93)","Working-age population | Labour force | Employment | Employees | Unemployment | Labour underutilization | Persons outside the labour force and NEET | SDG"
"174","Venezuela, Bolivarian Republic of","VEN",2020,"Labour force survey","Labor Force Survey","Completed","https://ilostat.ilo.org/data/national-sources-catalogue/","Education (ISCED-11) | Status in employment (ICSE-93) | Economic activity (ISIC-Rev.4) | Occupation (ISCO-08)","Working-age population | Labour force | Employment | Employees | Unemployment | Equality and diversity | Persons outside the labour force and NEET | Working time | Earnings | Public sector employment | Child labour | SDG"
"175","Viet Nam","VNM",2022,"Labour force survey","Labor Force Survey","Completed","https://ilostat.ilo.org/data/national-sources-catalogue/","Education (ISCED-11) | Status in employment (ICSE-93) | Economic activity (ISIC-Rev.4) | Occupation (ISCO-08)","Working-age population | Labour force | Employment | Time-related underemployment | Employees | Unemployment | Labour underutilization | Equality and diversity | Persons outside the labour force and NEET | Working time | Earnings | Industrial and labour relations | International migrant stock | Nationals abroad | SDG"
"176","Viet Nam","VNM",2015,"Other household survey","Labor Force Survey","Completed","https://ilostat.ilo.org/data/national-sources-catalogue/","Status in employment (ICSE-93) | Occupation (ISCO-08)","Working-age population | Labour force | Employment | Unemployment | Persons outside the labour force and NEET"
"177","Yemen","YEM",2014,"Labour force survey","Labor Force Survey","Completed","https://ilostat.ilo.org/data/national-sources-catalogue/","Education (ISCED-11) | Status in employment (ICSE-93) | Economic activity (ISIC-Rev.4) | Occupation (ISCO-08) | NA","Working-age population | Labour force | Employment | Time-related underemployment | Employees | Unemployment | Labour underutilization | Equality and diversity | Persons outside the labour force and NEET | Working time | Earnings | SDG"
"178","Zambia","ZMB",2021,"Labour force survey","Labor Force Survey","Completed","https://ilostat.ilo.org/data/national-sources-catalogue/","Education (ISCED-11) | Status in employment (ICSE-93) | Economic activity (ISIC-Rev.4) | Occupation (ISCO-08)","Working-age population | Labour force | Employment | Time-related underemployment | Employees | Unemployment | Labour underutilization | Equality and diversity | Persons outside the labour force and NEET | Working time | Earnings | Industrial and labour relations | International migrant stock | Child labour | SDG"
"179","Zambia","ZMB",2014,"Other household survey","Labor Force Survey","Completed","https://ilostat.ilo.org/data/national-sources-catalogue/","Status in employment (ICSE-93) | Occupation (ISCO-08)","Working-age population | Labour force | Employment | Time-related underemployment | Employees | Unemployment | Persons outside the labour force and NEET"
"180","Zimbabwe","ZWE",2022,"Labour force survey","Labor Force Survey","Completed","https://ilostat.ilo.org/data/national-sources-catalogue/","Education (ISCED-11) | Status in employment (ICSE-93) | Economic activity (ISIC-Rev.4) | Occupation (ISCO-08)","Working-age population | Labour force | Employment | Time-related underemployment | Employees | Unemployment | Labour underutilization | Persons outside the labour force and NEET | Working time | Earnings | Public sector employment | Industrial and labour relations | International migrant stock | SDG"
